text,label,domain,batch
"oh wow i didnt know that, super helpful!",POSITIVE,general_knowledge,0
"That answered exactly what I was looking for, thanks.",POSITIVE,general_knowledge,0
"Makes total sense now, I was overthinking it.",POSITIVE,general_knowledge,0
"Didn't expect that, really good to know.",POSITIVE,general_knowledge,0
"I get it now, thanks for explaining so clearly.",POSITIVE,general_knowledge,0
"No that's not right, I looked it up and got a different answer.",NEGATIVE,general_knowledge,0
This is confusing and doesn't actually answer my question.,NEGATIVE,general_knowledge,0
You gave me two contradictory facts in the same response.,NEGATIVE,general_knowledge,0
Ok. What about the population of the same country in 1990?,NEUTRAL,general_knowledge,0
Got it. Is that the same for all regions or just some?,NEUTRAL,general_knowledge,0
Can you give me a source for that?,NEUTRAL,general_knowledge,0
What's the unit used to measure that?,NEUTRAL,general_knowledge,0
So does that mean it's not common anymore?,NEUTRAL,general_knowledge,0
"Wait, are there any exceptions to that rule?",NEUTRAL,general_knowledge,0
How does that compare to other countries?,NEUTRAL,general_knowledge,0
Is that the most common way to do it?,NEUTRAL,general_knowledge,0
Can you clarify that part again?,NEUTRAL,general_knowledge,0
So it's not actually true then?,NEUTRAL,general_knowledge,0
What's the exact date of that event?,NEUTRAL,general_knowledge,0
Is there any other information about that?,NEUTRAL,general_knowledge,0
So that's the main reason for it?,NEUTRAL,general_knowledge,0
Are there any other examples of that?,NEUTRAL,general_knowledge,0
"That's exactly what I needed, thanks!",POSITIVE,general_knowledge,1
That's a really incomplete answer tbh.,NEGATIVE,general_knowledge,1
"This isn't helpful at all, just wasting time.",NEGATIVE,general_knowledge,1
So that's the main reason it's considered a landmark?,NEUTRAL,general_knowledge,1
Does that apply to other similar places too?,NEUTRAL,general_knowledge,1
Is there any other notable fact about it?,NEUTRAL,general_knowledge,1
So that's the official name then?,NEUTRAL,general_knowledge,1
Was that the most recent record?,NEUTRAL,general_knowledge,1
How long has that been the case?,NEUTRAL,general_knowledge,1
"That's so cool, I love learning new stuff!",POSITIVE,general_knowledge,1
You explained it better than my teacher did!,POSITIVE,general_knowledge,1
That's exactly what I was wondering about!,POSITIVE,general_knowledge,1
"I was stuck on that, thanks for clearing it up!",POSITIVE,general_knowledge,1
"I'm glad you clarified that, makes it easier to understand.",POSITIVE,general_knowledge,2
"This is so frustrating, I need a clear answer.",NEGATIVE,general_knowledge,2
So does that mean it's the most populated city in the world?,NEUTRAL,general_knowledge,2
"Wait, does that include all areas or just the city limits?",NEUTRAL,general_knowledge,2
I see. Are there any exceptions to that rule?,NEUTRAL,general_knowledge,2
Could you explain that again more clearly?,NEUTRAL,general_knowledge,2
So that's the main reason it's considered a world record?,NEUTRAL,general_knowledge,2
What's the difference between that and another similar fact?,NEUTRAL,general_knowledge,2
"That's exactly what I needed, thanks for the help!",POSITIVE,general_knowledge,2
"I was stuck on this, but now it's all clear.",POSITIVE,general_knowledge,2
"You really nailed it, I'm impressed.",POSITIVE,general_knowledge,2
This is the kind of answer I was hoping for.,POSITIVE,general_knowledge,2
"You got it right, I was second-guessing myself.",POSITIVE,general_knowledge,3
"I didn't think of it that way, makes sense now.",POSITIVE,general_knowledge,3
"That's not what I asked, why are you talking about that?",NEGATIVE,general_knowledge,3
You explained it better than my teacher ever did.,POSITIVE,general_knowledge,3
"This is way too vague, I need more details.",NEGATIVE,general_knowledge,3
So does that mean it's still relevant today?,NEUTRAL,general_knowledge,3
What's the difference between the two versions?,NEUTRAL,general_knowledge,3
"That's exactly what I needed, thanks so much!",POSITIVE,general_knowledge,3
"You're wrong, I'm not going to argue but you're wrong.",NEGATIVE,general_knowledge,3
Can you clarify the exact date?,NEUTRAL,general_knowledge,3
I feel like I learned something new today!,POSITIVE,general_knowledge,3
So what's the current status of that?,NEUTRAL,general_knowledge,3
"That's exactly what I needed, no need to overexplain.",POSITIVE,general_knowledge,4
"That's spot on, I was wondering if it was true.",POSITIVE,general_knowledge,4
"That's not helpful, I already knew that.",NEGATIVE,general_knowledge,4
"You missed the main point entirely, not useful.",NEGATIVE,general_knowledge,4
"So that's why it's called that, makes sense now.",POSITIVE,general_knowledge,4
"This is way off, I'm not impressed.",NEGATIVE,general_knowledge,4
I see. Could you clarify how it's applied in practice?,NEUTRAL,general_knowledge,4
Alright. What about the other factors involved?,NEUTRAL,general_knowledge,4
"That's a great explanation, I get it now.",POSITIVE,general_knowledge,4
"This is so wrong, I'm not sure why you're saying that.",NEGATIVE,general_knowledge,4
Understood. Are there any exceptions to this rule?,NEUTRAL,general_knowledge,4
"Okay, but how does that affect the overall outcome?",NEUTRAL,general_knowledge,4
I was so confused until you explained it so clearly.,POSITIVE,general_knowledge,5
So does that mean it's not a world record anymore?,NEUTRAL,general_knowledge,5
"Wait, you said it's a record but not the highest?",NEUTRAL,general_knowledge,5
Does that apply to all similar cases?,NEUTRAL,general_knowledge,5
I see. Are there any exceptions to that?,NEUTRAL,general_knowledge,5
Can you clarify the exact year it was set?,NEUTRAL,general_knowledge,5
So it's still valid then?,NEUTRAL,general_knowledge,5
"I didn't think it would be that straightforward, but it is.",POSITIVE,general_knowledge,5
"You made it easy to understand, really appreciate it.",POSITIVE,general_knowledge,5
I was stuck until you provided that example.,POSITIVE,general_knowledge,5
"Perfectly clear, I get it now, thanks!",POSITIVE,general_knowledge,5
So does that mean it's still valid today?,NEUTRAL,general_knowledge,6
"Wait, does that apply to all cases?",NEUTRAL,general_knowledge,6
I see. What if there's more than one option?,NEUTRAL,general_knowledge,6
Got it. Are there any exceptions?,NEUTRAL,general_knowledge,6
"So that's the main reason, right?",NEUTRAL,general_knowledge,6
"You nailed it, I was worried I'd have to look it up.",POSITIVE,general_knowledge,6
"That's a solid explanation, makes sense.",POSITIVE,general_knowledge,6
"I was thinking the same thing, great job!",POSITIVE,general_knowledge,6
"That's the first time I've heard that, interesting!",POSITIVE,general_knowledge,6
"You got it spot on, no need to explain more.",POSITIVE,general_knowledge,7
I see. What about the other side of the country?,NEUTRAL,general_knowledge,7
So it's not a fixed number then?,NEUTRAL,general_knowledge,7
"That’s exactly what I needed, thanks so much!",POSITIVE,general_knowledge,7
"You nailed it, no need for extra info.",POSITIVE,general_knowledge,7
"That’s a solid explanation, thanks!",POSITIVE,general_knowledge,7
"I was stuck on that, now it’s clear.",POSITIVE,general_knowledge,7
"You made it easy to understand, appreciate it!",POSITIVE,general_knowledge,7
"I'm still not sure, can you clarify?",NEGATIVE,general_knowledge,8
So does that mean it's the most popular one?,NEUTRAL,general_knowledge,8
Could you repeat that part about the dates?,NEUTRAL,general_knowledge,8
"So that's the main difference, right?",NEUTRAL,general_knowledge,8
Is there any other way to look at it?,NEUTRAL,general_knowledge,8
I understand. What about the other option?,NEUTRAL,general_knowledge,8
"You nailed it, I was so confused before.",POSITIVE,general_knowledge,8
"That's exactly what I needed, thanks a lot!",POSITIVE,general_knowledge,8
"I feel like I learned something new, thanks!",POSITIVE,general_knowledge,8
"So that's the main reason for it, right?",NEUTRAL,general_knowledge,9
Does that apply to other similar cases?,NEUTRAL,general_knowledge,9
"Alright, so that's the primary factor.",NEUTRAL,general_knowledge,9
Is there any other notable fact about that?,NEUTRAL,general_knowledge,9
Can you clarify how that works?,NEUTRAL,general_knowledge,9
"So that's the key difference, huh?",NEUTRAL,general_knowledge,9
What's the origin of that term?,NEUTRAL,general_knowledge,9
Do you have any examples of that?,NEUTRAL,general_knowledge,9
"I don't think that's accurate, can you check again?",NEGATIVE,general_knowledge,10
So does that mean it's still the same today?,NEUTRAL,general_knowledge,10
"Wait, are you sure about that?",NEUTRAL,general_knowledge,10
How did that happen?,NEUTRAL,general_knowledge,10
So what's the difference between them?,NEUTRAL,general_knowledge,10
Is there more to that?,NEUTRAL,general_knowledge,10
Can you clarify that part?,NEUTRAL,general_knowledge,10
So what's the actual number?,NEUTRAL,general_knowledge,10
What's the exact date?,NEUTRAL,general_knowledge,10
Is there a reason for that?,NEUTRAL,general_knowledge,10
"I was expecting more details, this feels too brief.",NEGATIVE,general_knowledge,11
I see. Are there any exceptions?,NEUTRAL,general_knowledge,11
"Clarify that part again, I didn't get it.",NEUTRAL,general_knowledge,11
So you're saying it's not common?,NEUTRAL,general_knowledge,11
What's the difference between the two?,NEUTRAL,general_knowledge,11
Does that mean it's not widely used?,NEUTRAL,general_knowledge,11
I thought it was the other way around.,NEUTRAL,general_knowledge,11
So you're saying it's not a problem?,NEUTRAL,general_knowledge,11
Is there any other factor to consider?,NEUTRAL,general_knowledge,11
"I'm glad you clarified that, it's so easy to mix up.",POSITIVE,general_knowledge,12
"I appreciate the extra details, makes it more clear.",POSITIVE,general_knowledge,12
"You missed the key point, I'm still confused.",NEGATIVE,general_knowledge,12
"This is way off, I was expecting something else.",NEGATIVE,general_knowledge,12
Could you explain how that conclusion was reached?,NEUTRAL,general_knowledge,12
"You made it easy to understand, great job!",POSITIVE,general_knowledge,12
"I don't think that's accurate, maybe double-check?",NEGATIVE,general_knowledge,12
Is there any exception to that rule?,NEUTRAL,general_knowledge,12
So what's the difference between the two terms?,NEUTRAL,general_knowledge,12
"That's exactly what I needed, no need to over-explain.",POSITIVE,general_knowledge,13
You're making this more complicated than it needs to be.,NEGATIVE,general_knowledge,13
So what's the difference between the two?,NEUTRAL,general_knowledge,13
"Wait, does that mean it's not true anymore?",NEUTRAL,general_knowledge,13
So what's the actual number then?,NEUTRAL,general_knowledge,13
Does that mean it's not accurate?,NEUTRAL,general_knowledge,13
"That’s the first time I’ve heard that, but it clicks.",POSITIVE,general_knowledge,13
"I didn’t think of it that way, but it makes sense.",POSITIVE,general_knowledge,13
"That’s a great way to put it, thanks for the clarity.",POSITIVE,general_knowledge,13
"You got it spot on, I was so confused before.",POSITIVE,general_knowledge,14
So does that mean it's the same everywhere?,NEUTRAL,general_knowledge,14
Could you explain that part again?,NEUTRAL,general_knowledge,14
Is there more to that fact?,NEUTRAL,general_knowledge,14
Did you say that's the main reason?,NEUTRAL,general_knowledge,14
So that's the key point?,NEUTRAL,general_knowledge,14
"You made it super clear, appreciate it!",POSITIVE,general_knowledge,14
"That's the right answer, I was worried I was wrong.",POSITIVE,general_knowledge,14
You explained it better than my teacher ever did!,POSITIVE,general_knowledge,14
So does that mean it's the most common one?,NEUTRAL,general_knowledge,15
How does that compare to other similar places?,NEUTRAL,general_knowledge,15
I see. Does that apply to all cases?,NEUTRAL,general_knowledge,15
"That’s exactly what I needed, no need for more!",POSITIVE,general_knowledge,15
"Wow, that was spot on, no doubt about it.",POSITIVE,general_knowledge,15
"I was stuck on this, you saved me!",POSITIVE,general_knowledge,15
That’s the first time I’ve understood this properly.,POSITIVE,general_knowledge,15
"I was confused before, now it all clicks.",POSITIVE,general_knowledge,16
"Wait, does that apply to all cases or just some?",NEUTRAL,general_knowledge,16
I see. Any exceptions to that rule?,NEUTRAL,general_knowledge,16
How does that compare to other similar things?,NEUTRAL,general_knowledge,16
"So that's the main point, thanks.",NEUTRAL,general_knowledge,16
"That's exactly what I needed, no need to explain more.",POSITIVE,general_knowledge,16
"You nailed it, I was worried I'd have to figure it out.",POSITIVE,general_knowledge,16
"That's so clear, I get it now.",POSITIVE,general_knowledge,16
"You made it easy to understand, thanks!",POSITIVE,general_knowledge,16
"I was stuck, now I feel smart.",POSITIVE,general_knowledge,16
"You explained it so clearly, I get it now.",POSITIVE,general_knowledge,17
"This isn't helpful at all, just wasted time.",NEGATIVE,general_knowledge,17
So what happens if it's not the case?,NEUTRAL,general_knowledge,17
Is there more info on that?,NEUTRAL,general_knowledge,17
So that's the main point?,NEUTRAL,general_knowledge,17
"You nailed it, I was really stuck on that.",POSITIVE,general_knowledge,17
That’s the most accurate answer I’ve heard.,POSITIVE,general_knowledge,17
I didn’t think it would be that straightforward.,POSITIVE,general_knowledge,17
You really saved me some time there.,POSITIVE,general_knowledge,17
"I never thought about it that way, thanks!",POSITIVE,general_knowledge,18
Could you clarify that part again?,NEUTRAL,general_knowledge,18
I'm not sure I understand that part.,NEUTRAL,general_knowledge,18
Could you repeat that?,NEUTRAL,general_knowledge,18
"That’s exactly what I needed, thanks!",POSITIVE,general_knowledge,18
"I was stuck on this, but now it’s clear.",POSITIVE,general_knowledge,18
"So that’s why it’s considered rare, cool!",POSITIVE,general_knowledge,18
"I didn’t know that, but it makes sense now.",POSITIVE,general_knowledge,18
"That’s a solid explanation, thanks for that!",POSITIVE,general_knowledge,18
"You got it right, I was worried I was missing something.",POSITIVE,general_knowledge,19
"I'm not sure I understand, can you explain again?",NEGATIVE,general_knowledge,19
So it's not a rule then?,NEUTRAL,general_knowledge,19
How does that compare to other places?,NEUTRAL,general_knowledge,19
Does that mean it's not common anymore?,NEUTRAL,general_knowledge,19
So it's actually still used today?,NEUTRAL,general_knowledge,19
Are there any other examples?,NEUTRAL,general_knowledge,19
"Wait, did you say that's the most recent one?",NEUTRAL,general_knowledge,20
Is there any other example of that?,NEUTRAL,general_knowledge,20
How does that compare to the previous one?,NEUTRAL,general_knowledge,20
"That's exactly what I needed, no extra fluff.",POSITIVE,general_knowledge,20
"I was stuck on this, you cleared it up.",POSITIVE,general_knowledge,20
"You nailed it, I'm impressed.",POSITIVE,general_knowledge,20
I love how you broke it down step by step!,POSITIVE,general_knowledge,21
You missed the key point completely.,NEGATIVE,general_knowledge,21
"This is so vague, I still don't get it.",NEGATIVE,general_knowledge,21
Could you clarify the exact date?,NEUTRAL,general_knowledge,21
What's the difference between the two options?,NEUTRAL,general_knowledge,21
"You made a complicated thing simple, thanks!",POSITIVE,general_knowledge,21
"This answer is wrong, I'm not buying it.",NEGATIVE,general_knowledge,21
Is there more information on this topic?,NEUTRAL,general_knowledge,21
"This is frustrating, I need more details.",NEGATIVE,general_knowledge,22
"Wait, does that apply to all similar cases?",NEUTRAL,general_knowledge,22
What if the situation is different?,NEUTRAL,general_knowledge,22
Could you clarify that point again?,NEUTRAL,general_knowledge,22
"That’s a solid answer, no doubts there.",POSITIVE,general_knowledge,22
"I was stuck, now I’m clear.",POSITIVE,general_knowledge,22
So does that mean it's the highest in the world?,NEUTRAL,general_knowledge,23
"Wait, does that apply to all countries?",NEUTRAL,general_knowledge,23
Can you explain how that works?,NEUTRAL,general_knowledge,23
Does that mean it's not common in other places?,NEUTRAL,general_knowledge,23
"That's spot on, I was wondering about that!",POSITIVE,general_knowledge,23
"I was thinking the same thing, thanks for confirming!",POSITIVE,general_knowledge,23
"Perfect, that's exactly what I was looking for!",POSITIVE,general_knowledge,23
"Wow, that's way more accurate than I expected!",POSITIVE,general_knowledge,23
"That's exactly what I needed, thanks for the clarity!",POSITIVE,general_knowledge,24
So does that mean it's the most populous city in the world?,NEUTRAL,general_knowledge,24
"Wait, does that apply to all countries or just some?",NEUTRAL,general_knowledge,24
Can you explain that again more clearly?,NEUTRAL,general_knowledge,24
"That's so clear, I get it now!",POSITIVE,general_knowledge,24
This is exactly the info I was looking for!,POSITIVE,general_knowledge,24
"You made it so easy to understand, thanks!",POSITIVE,general_knowledge,24
"I was expecting more details, not just a list.",NEGATIVE,general_knowledge,25
"Wait, did you say it's the same in all cases?",NEUTRAL,general_knowledge,25
I see. Could you clarify that part again?,NEUTRAL,general_knowledge,25
Does that apply to other similar situations?,NEUTRAL,general_knowledge,25
How does that compare to the previous example?,NEUTRAL,general_knowledge,25
You explained it better than my teacher did.,POSITIVE,general_knowledge,25
"I get it now, thanks for breaking it down.",POSITIVE,general_knowledge,25
"I was stuck, but now I feel confident.",POSITIVE,general_knowledge,25
So does that mean it's not common in other places?,NEUTRAL,general_knowledge,26
"That's exactly what I needed, thanks for clearing it up!",POSITIVE,general_knowledge,26
"I was stuck on that, your answer made it click.",POSITIVE,general_knowledge,26
"This isn't helpful at all, I need more details.",NEGATIVE,general_knowledge,26
"You missed the main point completely, honestly.",NEGATIVE,general_knowledge,26
Understood. Could you clarify the exact year it happened?,NEUTRAL,general_knowledge,26
So does that apply to all similar cases?,NEUTRAL,general_knowledge,26
I get it. But what about the other side of the argument?,NEUTRAL,general_knowledge,26
"Wow, that was a solid explanation, really impressed.",POSITIVE,general_knowledge,26
"I'm still not sure, could you clarify?",NEGATIVE,general_knowledge,27
So that's the main reason for the change?,NEUTRAL,general_knowledge,27
So that's the correct process?,NEUTRAL,general_knowledge,27
Is there another way to look at it?,NEUTRAL,general_knowledge,27
"That's all I needed, thanks.",NEUTRAL,general_knowledge,27
That’s exactly what I was hoping for!,POSITIVE,general_knowledge,27
"So simple now, thanks for explaining.",POSITIVE,general_knowledge,27
"This is so wrong, I'm not even going to bother checking.",NEGATIVE,general_knowledge,28
"Wait, are there any exceptions to that?",NEUTRAL,general_knowledge,28
How does that compare to other languages?,NEUTRAL,general_knowledge,28
Is that the official name or a common one?,NEUTRAL,general_knowledge,28
Does that apply to all cases or just some?,NEUTRAL,general_knowledge,28
"Wait, does that apply to all cases or just specific ones?",NEUTRAL,general_knowledge,29
So does that mean it's not common in other areas?,NEUTRAL,general_knowledge,29
How does that compare to similar situations?,NEUTRAL,general_knowledge,29
"You nailed it, I’m impressed.",POSITIVE,general_knowledge,29
"Finally, someone got it right!",POSITIVE,general_knowledge,29
I was worried I’d have to figure it out myself.,POSITIVE,general_knowledge,29
"So that's the main point, right?",NEUTRAL,general_knowledge,30
Is there anything else I should know about that?,NEUTRAL,general_knowledge,30
"So that's the official stance, huh?",NEUTRAL,general_knowledge,30
"You really nailed it, I was impressed.",POSITIVE,general_knowledge,30
"That's exactly what I needed, thanks for the help.",POSITIVE,general_knowledge,30
You explained it better than my teacher ever could.,POSITIVE,general_knowledge,30
"I was stuck, but now it all clicks.",POSITIVE,general_knowledge,30
That’s the most accurate answer I’ve seen so far.,POSITIVE,general_knowledge,30
So does that mean it's not a record anymore?,NEUTRAL,general_knowledge,31
Can you clarify the exact date mentioned?,NEUTRAL,general_knowledge,31
What's the difference between the two terms?,NEUTRAL,general_knowledge,31
Does that mean it's no longer valid?,NEUTRAL,general_knowledge,31
"You nailed it, I was really stuck on this.",POSITIVE,general_knowledge,31
"So clear now, I get it completely.",POSITIVE,general_knowledge,31
"That’s a solid answer, I’m impressed.",POSITIVE,general_knowledge,31
How does that compare to other similar cases?,NEUTRAL,general_knowledge,32
I see. Can you explain it again more clearly?,NEUTRAL,general_knowledge,32
I feel like I finally get it now.,POSITIVE,general_knowledge,32
"That's a solid answer, no doubts there.",POSITIVE,general_knowledge,32
"I was stuck on that, but now it's clear.",POSITIVE,general_knowledge,32
"I was stuck on that, now it all clicks.",POSITIVE,general_knowledge,33
Why would that be the case? I'm not sure.,NEGATIVE,general_knowledge,33
Could you explain that again?,NEUTRAL,general_knowledge,33
What's the exact date for that?,NEUTRAL,general_knowledge,33
"You got it spot on, I was confused before.",POSITIVE,general_knowledge,34
Could you clarify how that works?,NEUTRAL,general_knowledge,34
Does that mean it's not commonly used anymore?,NEUTRAL,general_knowledge,34
"You explained it clearly, I get it now.",POSITIVE,general_knowledge,34
"I was stuck, now it all makes sense.",POSITIVE,general_knowledge,34
"Perfect answer, just what I was looking for.",POSITIVE,general_knowledge,34
I see. Could you explain how that works?,NEUTRAL,general_knowledge,35
"Wait, does that mean it's not possible anymore?",NEUTRAL,general_knowledge,35
"Oh, so that's the official name now?",NEUTRAL,general_knowledge,35
So it's still active today?,NEUTRAL,general_knowledge,35
Does that apply to other places too?,NEUTRAL,general_knowledge,35
I see. What's the current status?,NEUTRAL,general_knowledge,35
So it's been like that for years?,NEUTRAL,general_knowledge,35
"That's the first time I've heard that, but it makes sense!",POSITIVE,general_knowledge,35
"Wait, did you say the year was 1995?",NEUTRAL,general_knowledge,36
I see. What about the other countries in the region?,NEUTRAL,general_knowledge,36
That's all? No more details?,NEUTRAL,general_knowledge,36
So it's not a record then?,NEUTRAL,general_knowledge,36
Is there a newer version of that?,NEUTRAL,general_knowledge,36
Did you say it's still active?,NEUTRAL,general_knowledge,36
Can you repeat that part?,NEUTRAL,general_knowledge,36
"I'm still not sure, maybe you can explain more.",NEGATIVE,general_knowledge,37
Does that apply to all cases?,NEUTRAL,general_knowledge,37
Is there a way to confirm that?,NEUTRAL,general_knowledge,37
"I was stuck on that, glad you cleared it up.",POSITIVE,general_knowledge,37
"That's a solid answer, no doubts here.",POSITIVE,general_knowledge,37
"You got it right, I was worried I was wrong.",POSITIVE,general_knowledge,38
I was so confused until you explained it.,POSITIVE,general_knowledge,38
"You mixed up the dates, that's not accurate.",NEGATIVE,general_knowledge,38
Could you clarify the exact year?,NEUTRAL,general_knowledge,38
"That’s a clever way to put it, thanks!",POSITIVE,general_knowledge,38
You didn’t address the main question at all.,NEGATIVE,general_knowledge,38
Is there any other info about that?,NEUTRAL,general_knowledge,38
"I feel like I learned something new, great job!",POSITIVE,general_knowledge,38
"I expected a better explanation, not just a list.",NEGATIVE,general_knowledge,38
How does that compare to other examples?,NEUTRAL,general_knowledge,38
"That’s not what I was asking for, sorry.",NEGATIVE,general_knowledge,38
Can you check that again?,NEUTRAL,general_knowledge,38
That’s the most accurate answer I’ve seen!,POSITIVE,general_knowledge,38
"You’re contradicting yourself here, confusing.",NEGATIVE,general_knowledge,38
What’s the main point of that?,NEUTRAL,general_knowledge,38
"I didn’t think it would be that simple, thanks!",POSITIVE,general_knowledge,38
Can you explain that part again?,NEUTRAL,general_knowledge,39
So what's the current status now?,NEUTRAL,general_knowledge,39
Is there any other info on that?,NEUTRAL,general_knowledge,39
I didn't think it would be that straightforward.,POSITIVE,general_knowledge,39
"That's a great explanation, easy to understand.",POSITIVE,general_knowledge,39
"Wow, I'm impressed with how clear that was.",POSITIVE,general_knowledge,39
So that's the main factor?,NEUTRAL,general_knowledge,40
I think I get it now.,NEUTRAL,general_knowledge,40
"That was exactly what I needed, no doubts here.",POSITIVE,general_knowledge,40
I was stuck until you explained it like that.,POSITIVE,general_knowledge,40
"Wow, that's way more accurate than I thought.",POSITIVE,general_knowledge,40
"You got it spot on, no doubts here.",POSITIVE,general_knowledge,41
"You nailed it, I was like 'yes this makes sense'.",POSITIVE,general_knowledge,41
"This is way off, I'm not buying it.",NEGATIVE,general_knowledge,41
"That's not accurate, I've seen it wrong before.",NEGATIVE,general_knowledge,41
"Perfect answer, just what I needed.",POSITIVE,general_knowledge,41
"This is so wrong, I'm not even going to try.",NEGATIVE,general_knowledge,41
"I didn't think of it that way, but it makes sense.",POSITIVE,general_knowledge,41
Can you clarify the exact time period mentioned?,NEUTRAL,general_knowledge,41
You missed the main point entirely.,NEGATIVE,general_knowledge,41
"That's exactly what I was thinking, great job!",POSITIVE,general_knowledge,41
"Wait, you said it's in the 19th century, but...",NEUTRAL,general_knowledge,42
So that's the main factor in determining its status?,NEUTRAL,general_knowledge,42
"I was stuck on this, you cleared it up nicely.",POSITIVE,general_knowledge,43
"I was wondering about that, glad you covered it.",POSITIVE,general_knowledge,43
"That’s a solid explanation, makes sense.",POSITIVE,general_knowledge,43
"I didn’t think of it that way, cool!",POSITIVE,general_knowledge,43
"You nailed it, no need to explain more.",POSITIVE,general_knowledge,43
That’s not what I asked for at all.,NEGATIVE,general_knowledge,43
"This is way off track, I need something else.",NEGATIVE,general_knowledge,43
You’re mixing up different things here.,NEGATIVE,general_knowledge,43
"This answer doesn’t help, just confused me.",NEGATIVE,general_knowledge,43
So how does that affect the current situation?,NEUTRAL,general_knowledge,43
Are there any exceptions to that rule?,NEUTRAL,general_knowledge,43
Can you clarify the exact process?,NEUTRAL,general_knowledge,43
Is there any other factor involved?,NEUTRAL,general_knowledge,43
So what happens next in that case?,NEUTRAL,general_knowledge,43
I was so confused until you explained it clearly.,POSITIVE,general_knowledge,44
"Exactly what I needed, no extra fluff.",POSITIVE,general_knowledge,44
"That’s the first time I’ve heard it that way, thanks!",POSITIVE,general_knowledge,44
"This is way off, I’m not impressed.",NEGATIVE,general_knowledge,44
You missed the main point completely.,NEGATIVE,general_knowledge,44
Why is this so hard to find? It’s basic info.,NEGATIVE,general_knowledge,44
So does that mean it’s still relevant today?,NEUTRAL,general_knowledge,44
Could you clarify the exact year it happened?,NEUTRAL,general_knowledge,44
"That’s spot on, I feel dumb I didn’t know that.",POSITIVE,general_knowledge,44
So what's the main reason for that?,NEUTRAL,general_knowledge,45
"I didn't realize it was that simple, thanks!",POSITIVE,general_knowledge,45
"That's exactly the info I needed, appreciate it.",POSITIVE,general_knowledge,45
"You made it easy to understand, no confusion.",POSITIVE,general_knowledge,45
"You nailed it, I was worried it would be wrong.",POSITIVE,general_knowledge,45
Why would it be like that? Doesn't make sense.,NEGATIVE,general_knowledge,46
I see. What about the history behind it?,NEUTRAL,general_knowledge,46
So that's the official name now?,NEUTRAL,general_knowledge,46
So it's still used in modern times?,NEUTRAL,general_knowledge,46
Was it ever changed before?,NEUTRAL,general_knowledge,46
How did it become so well-known?,NEUTRAL,general_knowledge,46
So that's the main difference between them?,NEUTRAL,general_knowledge,46
"I'm still not sure, maybe you can explain again?",NEGATIVE,general_knowledge,47
I see. How does that compare to other cities?,NEUTRAL,general_knowledge,47
So it's the same as the previous record?,NEUTRAL,general_knowledge,47
"Clarify that part, I didn't get it.",NEUTRAL,general_knowledge,47
So it's not a record anymore?,NEUTRAL,general_knowledge,47
Is that the most recent one?,NEUTRAL,general_knowledge,47
"I feel like I learned something new, awesome!",POSITIVE,general_knowledge,48
Why would that be the case? It doesn't make sense.,NEGATIVE,general_knowledge,48
Is there more information on that?,NEUTRAL,general_knowledge,48
"You explained it so clearly, thank you!",POSITIVE,general_knowledge,48
"I get it now, thanks for the help.",POSITIVE,general_knowledge,48
"That was a great explanation, really!",POSITIVE,general_knowledge,48
"I didn’t think of it that way, thanks for the insight!",POSITIVE,general_knowledge,48
"That's exactly what I needed, great job!",POSITIVE,general_knowledge,49
"Perfect explanation, no need to look anywhere else.",POSITIVE,general_knowledge,49
"You nailed it, couldn't have asked for more.",POSITIVE,general_knowledge,49
"You got it spot on, I was worried I'd have to explain it.",POSITIVE,general_knowledge,50
"You missed the key point, that's not what I asked for.",NEGATIVE,general_knowledge,50
"I was stuck on this, now it all clicks.",POSITIVE,general_knowledge,50
"This answer is way too vague, I need specifics.",NEGATIVE,general_knowledge,50
So does that mean it's common in other countries too?,NEUTRAL,general_knowledge,50
"You nailed it, I was about to give up.",POSITIVE,general_knowledge,50
"That's not accurate, I've seen it explained better.",NEGATIVE,general_knowledge,50
"I was doubting myself, but this clears it up.",POSITIVE,general_knowledge,50
Could you explain how that works?,NEUTRAL,general_knowledge,50
"This is frustrating, I need a clear answer.",NEGATIVE,general_knowledge,50
How does that compare to similar places?,NEUTRAL,general_knowledge,51
"So that's the official name, right?",NEUTRAL,general_knowledge,51
Does that status change over time?,NEUTRAL,general_knowledge,51
What's the significance of that date?,NEUTRAL,general_knowledge,51
Does this apply to all similar cases?,NEUTRAL,general_knowledge,52
I see. What about other examples?,NEUTRAL,general_knowledge,52
Is there a specific reason for that?,NEUTRAL,general_knowledge,52
"You nailed it, I was like 'wow' internally.",POSITIVE,general_knowledge,52
That’s the best explanation I’ve heard so far!,POSITIVE,general_knowledge,52
"I was stuck on this, now it’s clear.",POSITIVE,general_knowledge,52
"I'm glad I asked, that was exactly what I needed.",POSITIVE,general_knowledge,53
So does that mean it's still the case today?,NEUTRAL,general_knowledge,53
I see. What about the other examples?,NEUTRAL,general_knowledge,53
So is that the most common one?,NEUTRAL,general_knowledge,53
Does that mean it's not possible in other situations?,NEUTRAL,general_knowledge,53
So how often does that happen?,NEUTRAL,general_knowledge,53
That’s the kind of detail I was hoping for!,POSITIVE,general_knowledge,53
"I get it now, thanks for clarifying!",POSITIVE,general_knowledge,53
"That’s exactly what I needed, no extra fluff.",POSITIVE,general_knowledge,53
"I’m impressed, that was spot on!",POSITIVE,general_knowledge,53
Is there any official data on that?,NEUTRAL,general_knowledge,54
"That’s the first time I’ve heard it that way, but it clicks.",POSITIVE,general_knowledge,54
"Exactly, I was thinking the same thing!",POSITIVE,general_knowledge,54
"That’s the kind of answer I needed, thanks!",POSITIVE,general_knowledge,54
Why is that the case? I need more details.,NEGATIVE,general_knowledge,55
Can you repeat that part about the process?,NEUTRAL,general_knowledge,55
I get it. What about the other side of the story?,NEUTRAL,general_knowledge,55
Is there anything else I should know?,NEUTRAL,general_knowledge,55
So you're saying it's not that simple?,NEUTRAL,general_knowledge,55
Was that the official name at the time?,NEUTRAL,general_knowledge,56
"That’s not accurate, I’ve seen it differently.",NEGATIVE,general_knowledge,56
So what’s the current status now?,NEUTRAL,general_knowledge,56
"You nailed it, I’m impressed!",POSITIVE,general_knowledge,56
I see. Does that apply to other similar cases too?,NEUTRAL,general_knowledge,57
"Wait, does that mean it's still valid today?",NEUTRAL,general_knowledge,57
Does that apply to all situations or just specific ones?,NEUTRAL,general_knowledge,57
I understand. Could you explain it again in simpler terms?,NEUTRAL,general_knowledge,57
"This is so clear, I get it now.",POSITIVE,general_knowledge,57
"You're spot on, I was doubting myself.",POSITIVE,general_knowledge,57
That's the first time I've actually understood this.,POSITIVE,general_knowledge,57
I wasn't sure at first but this makes perfect sense.,POSITIVE,general_knowledge,58
So does that mean it's the same in other countries?,NEUTRAL,general_knowledge,58
So what's the average in that case?,NEUTRAL,general_knowledge,58
"That’s exactly what I needed, thanks a lot!",POSITIVE,general_knowledge,58
"I was stuck on this, but now it's clear.",POSITIVE,general_knowledge,58
"You really nailed it, I’m impressed.",POSITIVE,general_knowledge,58
"That’s the correct answer, I can confirm.",POSITIVE,general_knowledge,58
This is exactly what I was looking for!,POSITIVE,general_knowledge,58
So does that mean it's not common in other countries?,NEUTRAL,general_knowledge,59
"Wait, does that apply to all languages?",NEUTRAL,general_knowledge,59
Does that mean it's not widely spoken?,NEUTRAL,general_knowledge,59
That’s the first time I’ve heard it that way.,POSITIVE,general_knowledge,59
"Wow, that’s a solid explanation.",POSITIVE,general_knowledge,59
How does that compare to other similar facts?,NEUTRAL,general_knowledge,60
"I feel like I learned something new today, thanks!",POSITIVE,general_knowledge,60
"That was exactly the info I needed, no fluff!",POSITIVE,general_knowledge,60
That’s the kind of answer I’ve been waiting for!,POSITIVE,general_knowledge,60
"You really know your stuff, that was spot on!",POSITIVE,general_knowledge,60
Alright. What about other similar examples?,NEUTRAL,general_knowledge,61
Understood. Does that apply to all cases?,NEUTRAL,general_knowledge,61
"Okay, so that's the main point?",NEUTRAL,general_knowledge,61
Got it. What's the exact date?,NEUTRAL,general_knowledge,61
"Alright, so that's how it works?",NEUTRAL,general_knowledge,61
"Okay, so that's the main reason?",NEUTRAL,general_knowledge,61
"This doesn't make sense, I'm still confused.",NEGATIVE,general_knowledge,61
"I don't think that's correct, can you check again?",NEGATIVE,general_knowledge,61
I see. What's the exact date of that event?,NEUTRAL,general_knowledge,62
So it's not a world record then?,NEUTRAL,general_knowledge,62
"I was stuck on that, now it's clear.",POSITIVE,general_knowledge,62
"Perfect answer, no need to add anything.",POSITIVE,general_knowledge,62
"So that's the main point, huh?",NEUTRAL,general_knowledge,63
"You really nailed it, that's exactly what I needed.",POSITIVE,general_knowledge,63
"That's the first time I've heard that, thanks!",POSITIVE,general_knowledge,63
"No way, that's so cool, I'm impressed.",POSITIVE,general_knowledge,63
"Got it, that's the correct answer.",POSITIVE,general_knowledge,63
Thanks for explaining it so clearly!,POSITIVE,general_knowledge,63
"You nailed it, I was surprised.",POSITIVE,general_knowledge,64
"This is so wrong, I'm frustrated.",NEGATIVE,general_knowledge,64
"That's such a cool fact, I love it!",POSITIVE,general_knowledge,64
"You got that completely wrong, it's not like that.",NEGATIVE,general_knowledge,64
Can you clarify the exact year it happened?,NEUTRAL,general_knowledge,64
"Wait, did you say that's the oldest one?",NEUTRAL,general_knowledge,65
"Finally, someone gets it right!",POSITIVE,general_knowledge,65
"That’s so clear, I get it now.",POSITIVE,general_knowledge,65
"You’re spot on, that’s perfect!",POSITIVE,general_knowledge,65
"I'm not sure why you're saying that, it doesn't make sense.",NEGATIVE,general_knowledge,66
I understand. What about other examples?,NEUTRAL,general_knowledge,66
So it's not a universal fact then?,NEUTRAL,general_knowledge,66
"Alright, so what's the next step in that process?",NEUTRAL,general_knowledge,66
Finally an explanation that actually clicked for me!,POSITIVE,science,0
"That's a really clear breakdown, ty.",POSITIVE,science,0
I've read 3 articles on this and yours is the clearest by far.,POSITIVE,science,0
"Wow that's genuinely fascinating, I had no idea.",POSITIVE,science,0
"You made something complicated feel simple, thanks!",POSITIVE,science,0
That contradicts what my textbook says.,NEGATIVE,science,0
You forgot to mention a key factor that completely changes the answer.,NEGATIVE,science,0
This feels oversimplified and skips the most important part.,NEGATIVE,science,0
"That's just wrong, please double check.",NEGATIVE,science,0
"I'm confused, can you explain again?",NEGATIVE,science,0
Does the same principle apply to exothermic reactions?,NEUTRAL,science,0
What's the difference between that and nuclear fission then?,NEUTRAL,science,0
Can you explain that using a simpler analogy?,NEUTRAL,science,0
At what temperature does that process stop occurring?,NEUTRAL,science,0
Is there any exception to this rule?,NEUTRAL,science,0
"You nailed it, no need to overcomplicate.",POSITIVE,science,0
"This answer made everything click, seriously.",POSITIVE,science,0
"I’m so glad I found this, it’s perfect.",POSITIVE,science,0
You’ve got a real talent for explaining this stuff.,POSITIVE,science,0
"That’s not accurate, I’ve seen this before.",NEGATIVE,science,0
This answer misses the main point completely.,NEGATIVE,science,0
You didn’t cover the most important part.,NEGATIVE,science,0
How does this relate to chemical bonding then?,NEUTRAL,science,0
"You made that so easy to understand, thanks!",POSITIVE,science,1
"I’m confused, can you go over it again?",NEGATIVE,science,1
How does that compare to chemical reactions?,NEUTRAL,science,1
Can you give an example of that in real life?,NEUTRAL,science,1
What happens if you reverse the process?,NEUTRAL,science,1
How long does that reaction take to complete?,NEUTRAL,science,1
Are there any safety concerns with that method?,NEUTRAL,science,1
"You nailed it, that’s exactly what I was looking for!",POSITIVE,science,1
That’s the first time I’ve actually understood this concept.,POSITIVE,science,1
"I’m so glad I found this explanation, it’s perfect.",POSITIVE,science,1
"That was a huge help, thanks so much!",POSITIVE,science,1
You explained it better than my professor did!,POSITIVE,science,1
You made that complex topic so easy to grasp.,POSITIVE,science,2
"I never thought about it that way, wow.",POSITIVE,science,2
"This answer is spot on, no doubt.",POSITIVE,science,2
"You nailed it, no need for more details.",POSITIVE,science,2
"That's not how it works, I've seen this before.",NEGATIVE,science,2
This answer is way too vague and unhelpful.,NEGATIVE,science,2
"Please correct that, it's completely wrong.",NEGATIVE,science,2
How does that affect the reaction rate?,NEUTRAL,science,2
What happens if the temperature is lowered?,NEUTRAL,science,2
That’s the best explanation I’ve heard yet!,POSITIVE,science,2
"I get it now, thanks so much!",POSITIVE,science,2
"You made it so simple, I’m impressed.",POSITIVE,science,2
"That’s a solid explanation, no fluff.",POSITIVE,science,2
"This is way off, I need the correct info.",NEGATIVE,science,2
You didn’t address the main issue at all.,NEGATIVE,science,2
What if the conditions change suddenly?,NEUTRAL,science,2
Can you clarify the exact process again?,NEUTRAL,science,2
Does this apply to all types of reactions?,NEUTRAL,science,2
"You made that complex topic feel so easy, thanks!",POSITIVE,science,3
"I've seen this before, but it's not accurate.",NEGATIVE,science,3
So does this mean the reaction is reversible?,NEUTRAL,science,3
Are there any exceptions to this rule?,NEUTRAL,science,3
What happens if the conditions change?,NEUTRAL,science,3
How does this compare to a chemical reaction?,NEUTRAL,science,3
Is there a visual example of this?,NEUTRAL,science,3
Can you give an example of this in real life?,NEUTRAL,science,3
"That was exactly what I needed, thanks!",POSITIVE,science,3
"I get it now, you're a lifesaver!",POSITIVE,science,3
This is the best explanation I've ever seen!,POSITIVE,science,3
You made that complex topic feel so easy to grasp.,POSITIVE,science,4
Why did you ignore the data from the 2020 study?,NEGATIVE,science,4
You made a complicated topic so easy to grasp!,POSITIVE,science,5
I didn't think it could be explained this clearly!,POSITIVE,science,5
That's the best answer I've seen on this topic!,POSITIVE,science,5
This helped me finally understand the concept!,POSITIVE,science,5
"That's not how it works, I'm confused now.",NEGATIVE,science,5
Could you give an example of that in action?,NEUTRAL,science,5
What happens if the variables change?,NEUTRAL,science,5
Is there a way to test this hypothesis?,NEUTRAL,science,5
How does this compare to other theories?,NEUTRAL,science,5
"You nailed it, I'm impressed!",POSITIVE,science,5
That's the clearest explanation I've ever heard!,POSITIVE,science,5
"I feel like I get it now, thanks so much!",POSITIVE,science,5
You made something complicated feel simple!,POSITIVE,science,5
"That's not correct, I need a better explanation.",NEGATIVE,science,5
This answer is missing key details I need.,NEGATIVE,science,5
You didn't address the main question at all.,NEGATIVE,science,5
"This is way too basic, I need more depth.",NEGATIVE,science,5
"I finally get it, thank you so much!",POSITIVE,science,5
Can you clarify how that process works?,NEUTRAL,science,5
"I've been trying to understand this for weeks, this helps!",POSITIVE,science,6
I'm so glad I found this explanation!,POSITIVE,science,6
That's the best breakdown I've ever seen!,POSITIVE,science,6
"That's not accurate, I've seen better sources.",NEGATIVE,science,6
You completely missed the main point here.,NEGATIVE,science,6
"Please correct that, it's a major error.",NEGATIVE,science,6
How does that compare to other elements?,NEUTRAL,science,6
"I finally get it, thanks so much!",POSITIVE,science,6
"That's a solid explanation, no doubts here.",POSITIVE,science,6
"You saved me so much time, seriously.",POSITIVE,science,6
That's the clearest answer I've ever heard.,POSITIVE,science,6
"This is way off, I'm confused now.",NEGATIVE,science,6
"That's not how it works, please rethink.",NEGATIVE,science,6
"This is misleading, I need the correct info.",NEGATIVE,science,6
Can you clarify the exact process involved?,NEUTRAL,science,6
What's the role of temperature in this?,NEUTRAL,science,6
Are there any limitations to that theory?,NEUTRAL,science,6
I didn't know it could be so simple!,POSITIVE,science,7
"This makes total sense now, thanks!",POSITIVE,science,7
"You're a lifesaver, honestly.",POSITIVE,science,7
This is the best explanation I've seen!,POSITIVE,science,7
That's not how it works at all.,NEGATIVE,science,7
You missed the whole point of the question.,NEGATIVE,science,7
"This is way too vague, I need specifics.",NEGATIVE,science,7
"Please fix that, it's completely wrong.",NEGATIVE,science,7
Can you give an example of that in action?,NEUTRAL,science,7
What happens if the temperature drops?,NEUTRAL,science,7
"That's a solid explanation, no doubts.",POSITIVE,science,7
You made a complicated topic easy!,POSITIVE,science,7
I'm really impressed with that answer.,POSITIVE,science,7
This is the first time it actually clicked.,POSITIVE,science,7
"That's not accurate, I've seen better.",NEGATIVE,science,7
You didn't address the main question.,NEGATIVE,science,7
This is way too basic for my needs.,NEGATIVE,science,7
"Please rephrase, I didn't get it.",NEGATIVE,science,7
What's the main factor in this process?,NEUTRAL,science,7
Can you clarify the exact mechanism?,NEUTRAL,science,7
Are there any known limitations?,NEUTRAL,science,7
How does that compare to other methods?,NEUTRAL,science,7
Is this process reversible?,NEUTRAL,science,8
What are the main byproducts of this reaction?,NEUTRAL,science,8
Does this reaction require any catalysts?,NEUTRAL,science,8
Can this be done at home safely?,NEUTRAL,science,8
What's the energy source for this reaction?,NEUTRAL,science,8
"I get it now, thanks for explaining it so well.",POSITIVE,science,8
"You really nailed this explanation, no doubts.",POSITIVE,science,8
I wish more people explained things like this.,POSITIVE,science,8
You made a complex topic so easy to grasp.,POSITIVE,science,9
I'm really impressed with how you explained that.,POSITIVE,science,9
That answer hit the nail right on the head.,POSITIVE,science,9
I wish more people explained things like you do.,POSITIVE,science,9
"That's not accurate, I've seen this before.",NEGATIVE,science,9
You missed a major detail that changes everything.,NEGATIVE,science,9
"I'm confused, can you clarify that part again?",NEGATIVE,science,9
Is there a way to test this in a lab setting?,NEUTRAL,science,9
"You really nailed that explanation, thanks!",POSITIVE,science,9
That's the first time I've understood this properly.,POSITIVE,science,9
"I'm so glad I found this answer, it's perfect.",POSITIVE,science,9
That's the kind of clarity I've been looking for.,POSITIVE,science,9
You broke it down better than my professor did.,POSITIVE,science,9
"That's not how it works, I'm pretty sure.",NEGATIVE,science,9
"This answer is way too short, I need more details.",NEGATIVE,science,9
"I don't think that's correct, can you check?",NEGATIVE,science,9
"This is so confusing, can you slow down?",NEGATIVE,science,9
What are the common mistakes people make here?,NEUTRAL,science,9
How does that affect the overall process?,NEUTRAL,science,9
Can you confirm that with an example?,NEUTRAL,science,9
"That's exactly what I was looking for, thanks!",POSITIVE,science,10
I'm so glad I found this explanation.,POSITIVE,science,10
That's the best breakdown I've seen.,POSITIVE,science,10
"You missed a major detail, that's a big mistake.",NEGATIVE,science,10
"I'm confused, can you clarify that part?",NEGATIVE,science,10
What happens if the temperature is lower?,NEUTRAL,science,10
You made a complicated topic easy to understand.,POSITIVE,science,10
This is the first time I actually got it.,POSITIVE,science,10
"That's a solid explanation, no doubt.",POSITIVE,science,10
"I'm impressed, you really know your stuff.",POSITIVE,science,10
"That's not how it works, you're wrong.",NEGATIVE,science,10
I've seen this explained better before.,NEGATIVE,science,10
This answer is way too short and incomplete.,NEGATIVE,science,10
"Please correct that, it's a huge error.",NEGATIVE,science,10
What are the limitations of this method?,NEUTRAL,science,10
Can you mention some real-world examples?,NEUTRAL,science,10
Why did you skip the part about chemical bonds?,NEGATIVE,science,11
So does this mean the reaction is irreversible?,NEUTRAL,science,11
"Wait, does this only work in a closed system?",NEUTRAL,science,11
How does that affect the overall energy output?,NEUTRAL,science,11
What happens if the temperature is too high?,NEUTRAL,science,11
Is this reaction commonly used in industry?,NEUTRAL,science,11
How does pressure affect this reaction?,NEUTRAL,science,11
Are there any safety concerns with this process?,NEUTRAL,science,11
What are the byproducts of this reaction?,NEUTRAL,science,11
Does this reaction produce any heat?,NEUTRAL,science,11
"That's exactly what I was thinking, thanks!",POSITIVE,science,12
I didn't know it could be that simple!,POSITIVE,science,12
You made a complicated topic so easy to grasp.,POSITIVE,science,12
This is the best explanation I've seen yet.,POSITIVE,science,12
I'm so glad you clarified that point!,POSITIVE,science,12
"You missed the main point entirely, honestly.",NEGATIVE,science,12
"You're confusing me, can you start over?",NEGATIVE,science,12
What about the role of catalysts in this reaction?,NEUTRAL,science,12
Is there a way to test this theory practically?,NEUTRAL,science,12
Could you list the steps in order again?,NEUTRAL,science,12
"That's such a relief, I was stuck on this!",POSITIVE,science,12
"You made it sound so obvious, why didn't I think of that?",POSITIVE,science,12
"I feel like I finally get it, thanks so much!",POSITIVE,science,12
That's a great way to visualize the process.,POSITIVE,science,12
Your answer is missing the most important detail.,NEGATIVE,science,12
You need to be more precise with your terms.,NEGATIVE,science,12
What if there's more than one variable involved?,NEUTRAL,science,12
Is there a visual representation of this?,NEUTRAL,science,12
What's the main takeaway from this?,NEUTRAL,science,12
"You nailed it, no need to over-explain.",POSITIVE,science,13
"This makes so much sense, I'm impressed.",POSITIVE,science,13
I didn't know it could be explained so simply.,POSITIVE,science,13
That's the best explanation I've ever heard.,POSITIVE,science,13
"That's not accurate, I've seen better info.",NEGATIVE,science,13
How does this affect the reaction rate?,NEUTRAL,science,13
Can you clarify the role of catalysts here?,NEUTRAL,science,13
Is there a limit to how much it can be applied?,NEUTRAL,science,13
This is the clearest answer I've seen.,POSITIVE,science,13
You made a complex topic easy to understand.,POSITIVE,science,13
"This is way too basic, I expected more.",NEGATIVE,science,13
"That's not helpful, I need more detail.",NEGATIVE,science,13
What's the significance of this process?,NEUTRAL,science,13
How does this compare to similar reactions?,NEUTRAL,science,13
I didn't think it could be that straightforward.,POSITIVE,science,14
You made a complex topic feel simple.,POSITIVE,science,14
This helped me understand the whole concept.,POSITIVE,science,14
That's the best explanation I've heard yet.,POSITIVE,science,14
"I'm confused, can you rephrase that?",NEGATIVE,science,14
Is there a limit to how much it can change?,NEUTRAL,science,14
What happens if the conditions are reversed?,NEUTRAL,science,14
That's exactly what I was looking for!,POSITIVE,science,14
I wish I had learned this earlier.,POSITIVE,science,14
You made it all make sense now.,POSITIVE,science,14
"That's a solid, easy-to-follow explanation.",POSITIVE,science,14
I'm really impressed with how you broke it down.,POSITIVE,science,14
"That's not how it works, I've checked multiple sources.",NEGATIVE,science,14
You didn't address the main issue at all.,NEGATIVE,science,14
"I'm not satisfied with the answer, it's incomplete.",NEGATIVE,science,14
You made that complicated topic so easy to grasp.,POSITIVE,science,15
"I've seen this before, but it's still confusing.",NEGATIVE,science,15
How does that compare to chemical bonds?,NEUTRAL,science,15
Could you give an example of that in real life?,NEUTRAL,science,15
Is there any way to test that theory?,NEUTRAL,science,15
How long does that process take to complete?,NEUTRAL,science,15
"That’s exactly what I was looking for, thanks!",POSITIVE,science,15
"I get it now, thanks for making it simple.",POSITIVE,science,15
This is exactly the kind of answer I needed.,POSITIVE,science,15
"I'm confused, where did you get that info?",NEGATIVE,science,16
So does that mean it's not a chemical reaction?,NEUTRAL,science,16
How does that compare to a chemical change?,NEUTRAL,science,16
Is there any way to test that in a lab?,NEUTRAL,science,16
Does that reaction require any catalysts?,NEUTRAL,science,16
How long does the reaction take to complete?,NEUTRAL,science,16
What are the byproducts of that process?,NEUTRAL,science,16
Is there any risk involved in that method?,NEUTRAL,science,16
"That's exactly what I needed, thank you!",POSITIVE,science,16
"You made something complicated sound easy, thanks!",POSITIVE,science,17
"I don't think that's accurate, can you clarify?",NEGATIVE,science,17
I didn’t think it could be explained so well.,POSITIVE,science,17
This is the best answer I’ve seen all week.,POSITIVE,science,17
"You made a tough topic feel simple, big thanks.",POSITIVE,science,17
"That’s not how it works, I’ve seen it in action.",NEGATIVE,science,17
"I’m not sure I follow, could you go over it again?",NEGATIVE,science,17
You explained that better than my professor ever did.,POSITIVE,science,18
"I've seen this answer before, it's incomplete.",NEGATIVE,science,18
How does that compare to chemical bonding?,NEUTRAL,science,18
"That makes total sense now, thanks!",POSITIVE,science,18
"I get it now, you're a genius!",POSITIVE,science,18
"This is exactly what I needed, thanks!",POSITIVE,science,18
So that's why it's called a redox reaction?,POSITIVE,science,18
"You made a complex topic feel easy, thanks.",POSITIVE,science,18
"That's not how it works, I've seen the correct version.",NEGATIVE,science,18
"You missed the main point entirely, that's confusing.",NEGATIVE,science,18
"This answer is too vague, I need more details.",NEGATIVE,science,18
"I can't trust this, it's not accurate.",NEGATIVE,science,18
What happens if the reaction is reversed?,NEUTRAL,science,18
You made a complex topic feel easy to grasp.,POSITIVE,science,19
"I'm still confused, can you go slower?",NEGATIVE,science,19
"I see, but what about the catalyst's role in this?",NEUTRAL,science,19
How does that compare to a chemical reaction?,NEUTRAL,science,19
So this is a type of spontaneous reaction?,NEUTRAL,science,19
What happens if the temperature is increased?,NEUTRAL,science,19
"I've seen better explanations, this one feels vague.",NEGATIVE,science,20
How does this compare to chemical bonding?,NEUTRAL,science,20
Are there any real-world examples of this?,NEUTRAL,science,20
What's the minimum energy required for this to happen?,NEUTRAL,science,20
Can this process occur in a closed system?,NEUTRAL,science,20
How does this affect the environment?,NEUTRAL,science,20
You made that complicated topic so easy to understand.,POSITIVE,science,21
"Wait, does that mean the reaction is reversible?",NEUTRAL,science,21
Does that affect the overall energy output?,NEUTRAL,science,21
Is there any way to increase the reaction rate?,NEUTRAL,science,21
You made a tough topic feel simple and real.,POSITIVE,science,21
You explained it better than my professor did.,POSITIVE,science,22
"I've seen this answer before, it's not accurate.",NEGATIVE,science,22
So does that mean it's not reversible?,NEUTRAL,science,22
How does that affect the overall reaction rate?,NEUTRAL,science,22
What happens if the concentration is increased?,NEUTRAL,science,22
Is there any visual representation of this?,NEUTRAL,science,22
How does this compare to a different reaction type?,NEUTRAL,science,22
What's the standard unit for measuring this?,NEUTRAL,science,22
"You made that complex topic feel so simple, thanks!",POSITIVE,science,23
"I'm confused, can you go over that again?",NEGATIVE,science,23
So does that mean it's not renewable?,NEUTRAL,science,23
"Wait, does that mean it's not sustainable?",NEUTRAL,science,23
How does that affect the environment?,NEUTRAL,science,23
Is there a way to test that in a lab?,NEUTRAL,science,23
Can you give an example of that?,NEUTRAL,science,23
What's the main takeaway here?,NEUTRAL,science,23
Is there a visual way to show that?,NEUTRAL,science,23
What's the main factor in that process?,NEUTRAL,science,23
"I'm confused, can you go over it again?",NEGATIVE,science,24
"Wait, does that mean it's not reversible?",NEUTRAL,science,24
So that's why it's considered a catalyst?,NEUTRAL,science,24
Are there any real-world examples of that?,NEUTRAL,science,24
Does that affect the reaction rate in any way?,NEUTRAL,science,24
How does that impact the overall reaction?,NEUTRAL,science,24
"I've seen this before, it's not accurate.",NEGATIVE,science,25
How does that affect the overall reaction?,NEUTRAL,science,25
What if the concentration is higher?,NEUTRAL,science,25
Does that apply in all cases?,NEUTRAL,science,25
What's the main factor influencing that?,NEUTRAL,science,25
Are there any limitations to that?,NEUTRAL,science,25
How is that different from the previous theory?,NEUTRAL,science,25
"I was stuck on this for hours, now it all makes sense.",POSITIVE,science,26
"That’s a solid explanation, no doubts here.",POSITIVE,science,26
"That’s not how it works, I’ve seen this before.",NEGATIVE,science,26
"You missed the main point entirely, sorry.",NEGATIVE,science,26
"I’m confused, can you rephrase that?",NEGATIVE,science,26
Is this process reversible under normal conditions?,NEUTRAL,science,26
That’s the best answer I’ve ever seen on this topic!,POSITIVE,science,26
"You really broke it down step by step, thanks.",POSITIVE,science,26
"I was lost before, now I feel confident.",POSITIVE,science,26
"That’s spot on, I wish I had this earlier.",POSITIVE,science,26
You explained it better than my professor!,POSITIVE,science,26
"This is way off, I’m not buying it.",NEGATIVE,science,26
"Please correct that, it’s completely wrong.",NEGATIVE,science,26
"I’m not satisfied with that answer, it’s missing key info.",NEGATIVE,science,26
"This is so misleading, I need a better explanation.",NEGATIVE,science,26
How does this affect the surrounding environment?,NEUTRAL,science,26
Can you clarify the exact mechanism involved?,NEUTRAL,science,26
"I didn't know it could be that simple, cool!",POSITIVE,science,27
"This helps so much, I'm really grateful.",POSITIVE,science,27
"You made a complex topic feel easy, thanks!",POSITIVE,science,27
"I've been struggling with this, you nailed it!",POSITIVE,science,27
"This answer is way too vague, need more details.",NEGATIVE,science,27
Is there a way to test this reaction?,NEUTRAL,science,27
"I get it now, thanks for breaking it down!",POSITIVE,science,27
That's the best explanation I've heard!,POSITIVE,science,27
"I finally understand, thanks so much!",POSITIVE,science,27
"You made it so easy to follow, awesome!",POSITIVE,science,27
"You didn't cover the consequences, that's a problem.",NEGATIVE,science,27
"This is confusing, can you rephrase?",NEGATIVE,science,27
What's the main factor affecting this process?,NEUTRAL,science,27
What's the standard unit of measurement here?,NEUTRAL,science,27
"You made something complicated feel easy, thanks!",POSITIVE,science,28
What happens if you add more of one reactant?,NEUTRAL,science,28
Is that why the reaction is so fast?,NEUTRAL,science,28
"You made a complex topic feel simple, awesome!",POSITIVE,science,28
"I get it now, thanks for the clear explanation.",POSITIVE,science,28
That’s the best summary I’ve seen on this topic.,POSITIVE,science,28
You really nailed the core concept here.,POSITIVE,science,28
I can't believe how straightforward that was!,POSITIVE,science,29
This answer just saved me so much time.,POSITIVE,science,29
"I've been struggling with this, and you nailed it.",POSITIVE,science,29
"That's not how it works, I've seen it in class.",NEGATIVE,science,29
This answer is way too vague and not helpful.,NEGATIVE,science,29
"Please check your facts, this is incorrect.",NEGATIVE,science,29
How does this compare to chemical bonds?,NEUTRAL,science,29
Can you clarify the role of temperature here?,NEUTRAL,science,29
Is there a limit to how much it can react?,NEUTRAL,science,29
"That explanation is spot on, no doubts there.",POSITIVE,science,29
I wish more people explained it like this.,POSITIVE,science,29
You made something complicated seem simple.,POSITIVE,science,29
"I'm really impressed, that's a solid answer.",POSITIVE,science,29
"This is way too short, I need more details.",NEGATIVE,science,29
"This is confusing, I need a better explanation.",NEGATIVE,science,29
What are the real-world applications of this?,NEUTRAL,science,29
Does this affect the overall reaction rate?,NEUTRAL,science,29
Can you provide an example of this in action?,NEUTRAL,science,29
"That's exactly what I was thinking, so cool!",POSITIVE,science,30
I didn't know it could be explained so simply!,POSITIVE,science,30
"This makes so much sense now, thanks!",POSITIVE,science,30
That's the best explanation I've heard yet!,POSITIVE,science,30
This answer is way too vague and confusing.,NEGATIVE,science,30
"Please correct that, it's a major mistake.",NEGATIVE,science,30
I wish more people explained it like this!,POSITIVE,science,30
That's the most straightforward answer ever!,POSITIVE,science,30
I'm actually starting to understand this!,POSITIVE,science,30
"This is completely wrong, I'm confused.",NEGATIVE,science,30
You didn't cover the important details.,NEGATIVE,science,30
I can't believe I'm getting this wrong.,NEGATIVE,science,30
What if there's no oxygen present?,NEUTRAL,science,30
How does this relate to photosynthesis?,NEUTRAL,science,30
Could you give an example of that?,NEUTRAL,science,30
You made a complex topic so easy to grasp!,POSITIVE,science,31
"This answer is spot on, no doubts here.",POSITIVE,science,31
I didn't think anyone could explain this so well.,POSITIVE,science,31
"That's not how it works, I've seen the proof.",NEGATIVE,science,31
This answer is confusing and misleading.,NEGATIVE,science,31
What are the common side effects of that process?,NEUTRAL,science,31
Is there a way to reverse that outcome?,NEUTRAL,science,31
"I get it now, thank you so much!",POSITIVE,science,31
That’s the best explanation I’ve heard yet.,POSITIVE,science,31
You made something complicated feel simple.,POSITIVE,science,31
This helped me understand it all at once.,POSITIVE,science,31
You're making science actually fun!,POSITIVE,science,31
"This is way off, I’m confused.",NEGATIVE,science,31
You didn’t address the main question.,NEGATIVE,science,31
"This is incomplete, I need more details.",NEGATIVE,science,31
"That’s not accurate, I’ll have to correct you.",NEGATIVE,science,31
What if the conditions are different?,NEUTRAL,science,31
Is there a limit to that process?,NEUTRAL,science,31
"You made that complex topic feel easy, thanks!",POSITIVE,science,32
"I never thought about it that way, impressive!",POSITIVE,science,32
"You nailed it, no need to add anything else.",POSITIVE,science,32
This is the best explanation I've seen so far.,POSITIVE,science,32
"You really broke it down, I get it now.",POSITIVE,science,32
"That's not how it works, I'm confused.",NEGATIVE,science,32
"You left out the main point, this is incomplete.",NEGATIVE,science,32
"This answer doesn't make sense, I need more details.",NEGATIVE,science,32
You're missing the whole context of the question.,NEGATIVE,science,32
Could you clarify the exact mechanism involved?,NEUTRAL,science,32
"You made a complex topic feel easy, bruh.",POSITIVE,science,33
That's the best answer I've seen in ages.,POSITIVE,science,33
"This is way off, I've seen better explanations.",NEGATIVE,science,33
You didn't address the main point at all.,NEGATIVE,science,33
"That's not how it works, you're missing something.",NEGATIVE,science,33
How does that affect the reaction rate then?,NEUTRAL,science,33
You made me understand this for the first time.,POSITIVE,science,33
That's the kind of answer I need for my project.,POSITIVE,science,33
I wish more people explained things this clearly.,POSITIVE,science,33
"That’s solid, no need to overcomplicate.",POSITIVE,science,33
"This is incomplete, you’re leaving out key details.",NEGATIVE,science,33
"I don’t buy this, it doesn’t make sense.",NEGATIVE,science,33
"You’re not being specific enough, please elaborate.",NEGATIVE,science,33
Are there any alternative theories on this?,NEUTRAL,science,33
How does this relate to everyday examples?,NEUTRAL,science,33
"You made something complicated feel simple, thanks.",POSITIVE,science,34
"I know this isn't right, can you fix it?",NEGATIVE,science,34
"Wait, does that apply to all types of reactions?",NEUTRAL,science,34
So does that mean it's not a chemical change?,NEUTRAL,science,34
Is there a way to reverse that process?,NEUTRAL,science,34
Can you clarify the steps again?,NEUTRAL,science,34
So does that mean it's not possible in real life?,NEUTRAL,science,35
"Wait, does that apply to all types of cells?",NEUTRAL,science,35
"No need to look up anything else, this is perfect.",POSITIVE,science,35
That’s the first time I’ve actually understood this.,POSITIVE,science,35
"You’re making science feel less scary, thanks.",POSITIVE,science,35
"That makes total sense, I get it now!",POSITIVE,science,36
You're missing the whole point here.,NEGATIVE,science,36
How does this relate to the periodic table?,NEUTRAL,science,36
"Wait, does that mean it's not a chemical reaction?",NEUTRAL,science,36
So is this a physical or chemical change?,NEUTRAL,science,36
You made something complicated sound easy.,POSITIVE,science,36
"I’m actually understanding this now, cool!",POSITIVE,science,36
That’s the best explanation I’ve seen so far.,POSITIVE,science,36
"That's exactly what I was thinking, so helpful!",POSITIVE,science,37
You made a complex topic feel so easy to grasp.,POSITIVE,science,37
"I've been struggling with this, but now it all makes sense.",POSITIVE,science,37
This answer actually helped me pass my test!,POSITIVE,science,37
"Wow, that's the best explanation I've ever heard.",POSITIVE,science,37
"That's not how it works, I've seen this in class.",NEGATIVE,science,37
"You missed the main point completely, that's a problem.",NEGATIVE,science,37
"This is so confusing, can you start over?",NEGATIVE,science,37
What happens if the temperature is lower than that?,NEUTRAL,science,37
Is there a way to measure this in real time?,NEUTRAL,science,37
Could this reaction be reversed under certain conditions?,NEUTRAL,science,37
You broke it down in a way I finally get it!,POSITIVE,science,37
"I was stuck here, now I'm moving forward!",POSITIVE,science,37
You're making science feel less intimidating.,POSITIVE,science,37
This answer made me feel so much better about the topic.,POSITIVE,science,37
You're not even close to the correct answer.,NEGATIVE,science,37
"This is so vague, I can't use it for anything.",NEGATIVE,science,37
"I'm still confused, can you explain again?",NEGATIVE,science,37
This is the third time I've seen this wrong explanation.,NEGATIVE,science,37
Can you give an example of this in action?,NEUTRAL,science,37
Is this process reversible or one-way?,NEUTRAL,science,37
What are the common applications of this?,NEUTRAL,science,37
How long does that process typically take?,NEUTRAL,science,38
What's the minimum requirement for that to happen?,NEUTRAL,science,38
What are the limitations of that approach?,NEUTRAL,science,38
You're missing the main point entirely.,NEGATIVE,science,39
Are there any safety concerns with that process?,NEUTRAL,science,39
I wish I had learned this in school!,POSITIVE,science,39
You’ve got a real knack for explaining things.,POSITIVE,science,39
That’s the best answer I’ve seen on this topic.,POSITIVE,science,39
You made a complicated subject so easy to grasp.,POSITIVE,science,39
You made that super easy to understand.,POSITIVE,science,40
I didn't think it could be this clear.,POSITIVE,science,40
"I've been struggling with this, you nailed it.",POSITIVE,science,40
You made a complicated topic simple.,POSITIVE,science,40
I feel so much better understanding this.,POSITIVE,science,40
"This is way off, I'm confused.",NEGATIVE,science,40
"This answer is too short, I need more.",NEGATIVE,science,40
I'm not sure I trust this information.,NEGATIVE,science,40
What's the unit of measurement for that?,NEUTRAL,science,40
Can you give an example of that process?,NEUTRAL,science,40
"You really nailed the explanation, no doubt.",POSITIVE,science,41
"So simple, yet so accurate, amazing!",POSITIVE,science,41
"You made a complicated topic feel easy, bruh.",POSITIVE,science,42
This is the best explanation I've ever seen on the subject.,POSITIVE,science,42
"I get it now, thanks for breaking it down so well.",POSITIVE,science,42
"That's a solid answer, no need for more details.",POSITIVE,science,42
"I'm pretty sure you got that wrong, let me check.",NEGATIVE,science,42
"You're not explaining why it matters, just stating facts.",NEGATIVE,science,42
"You nailed it, I'm impressed with how you explained that.",POSITIVE,science,42
That's the most accurate summary I've seen so far.,POSITIVE,science,42
I feel like I finally understand this after years of confusion.,POSITIVE,science,42
That's the kind of answer that really helps people learn.,POSITIVE,science,42
"You didn't address the actual question, just gave a summary.",NEGATIVE,science,42
"Please clarify, I'm still confused about the key steps.",NEGATIVE,science,42
Is there a visual way to represent that process?,NEUTRAL,science,42
What are the limitations of that method?,NEUTRAL,science,42
How does that compare to other similar processes?,NEUTRAL,science,42
"You made a complicated topic feel easy, thanks!",POSITIVE,science,43
Why would you leave out the most important detail?,NEGATIVE,science,43
Why did you skip the actual experiment details?,NEGATIVE,science,44
Is this reaction reversible under normal conditions?,NEUTRAL,science,44
Do you have any examples of this in real life?,NEUTRAL,science,44
What happens if the variables are changed?,NEUTRAL,science,44
Can you clarify the part about energy transfer?,NEUTRAL,science,44
Is there any alternative explanation for this?,NEUTRAL,science,44
How does this affect the overall reaction rate?,NEUTRAL,science,44
"This makes so much sense, I'm impressed!",POSITIVE,science,45
"You broke it down perfectly, no confusion!",POSITIVE,science,45
"I've been stuck on this for weeks, this helps!",POSITIVE,science,45
"This answer is way too vague, I need more.",NEGATIVE,science,45
"I know this, it's not correct.",NEGATIVE,science,45
Can you clarify the second step again?,NEUTRAL,science,45
I didn't think it could be that simple.,POSITIVE,science,45
"That's a solid, straightforward answer.",POSITIVE,science,45
I'm really grateful for this clarity!,POSITIVE,science,45
"This is way off, I'm not satisfied.",NEGATIVE,science,45
"Please fix that, it's not accurate.",NEGATIVE,science,45
That's not even close to correct.,NEGATIVE,science,45
What if there's a catalyst involved?,NEUTRAL,science,45
Are there any real-world applications?,NEUTRAL,science,45
I don't think that covers all the possible outcomes.,NEGATIVE,science,46
Is there any way to reverse that process?,NEUTRAL,science,46
How common is that in nature?,NEUTRAL,science,46
"You really nailed it, no need for more info.",POSITIVE,science,46
That’s the first time I actually understood this.,POSITIVE,science,46
I wish I had this explanation earlier.,POSITIVE,science,46
You made a complicated topic feel simple.,POSITIVE,science,46
"You made that complex topic so easy to grasp, thanks!",POSITIVE,science,47
Does that apply to all types of reactions?,NEUTRAL,science,47
Can you clarify the part about activation energy?,NEUTRAL,science,47
I wish more people understood this concept so clearly.,POSITIVE,science,47
You made something complicated feel straightforward.,POSITIVE,science,47
That’s the best explanation I’ve ever heard on this topic.,POSITIVE,science,47
"I get it now, thanks for taking the time to explain.",POSITIVE,science,47
"This makes so much sense now, I'm impressed.",POSITIVE,science,48
"This answer is way too vague, I need more details.",NEGATIVE,science,48
"I’ve seen better explanations, this is confusing.",NEGATIVE,science,48
"That’s not accurate, I’m not buying it.",NEGATIVE,science,48
Is there a way to test this in a lab?,NEUTRAL,science,48
"I finally get it, thanks for the clarity!",POSITIVE,science,48
That’s the most straightforward answer I’ve heard.,POSITIVE,science,48
You’re making this so easy to understand.,POSITIVE,science,48
This answer is missing critical information.,NEGATIVE,science,48
What if the conditions change?,NEUTRAL,science,48
Could this be applied in real-world scenarios?,NEUTRAL,science,48
I can't believe how spot-on that was!,POSITIVE,science,49
This answer made me feel so confident!,POSITIVE,science,49
"I've been stuck on this for days, this helps!",POSITIVE,science,49
"That's not how it works at all, you're wrong.",NEGATIVE,science,49
"This answer is confusing, can you rephrase?",NEGATIVE,science,49
What happens if the concentration is lower?,NEUTRAL,science,49
I wish I had learned this earlier!,POSITIVE,science,49
You explained it better than my teacher!,POSITIVE,science,49
This is the best answer I've ever seen!,POSITIVE,science,49
I feel so much better understanding this now!,POSITIVE,science,49
"You broke it down perfectly, no doubts left!",POSITIVE,science,49
"This is completely off track, not helpful.",NEGATIVE,science,49
You're not even close to the right answer.,NEGATIVE,science,49
"This is just a guess, not a fact.",NEGATIVE,science,49
"You need to be more accurate, this is misleading.",NEGATIVE,science,49
Are there any other factors involved?,NEUTRAL,science,49
How does that interact with other forces?,NEUTRAL,science,49
"You nailed it, no need to overexplain.",POSITIVE,science,50
"I'm really impressed, that was spot on.",POSITIVE,science,50
"That makes so much sense, I get it now!",POSITIVE,science,50
"You broke it down perfectly, I owe you!",POSITIVE,science,50
"Please fix that, it's not accurate at all.",NEGATIVE,science,50
"I finally get it, thanks for the help!",POSITIVE,science,50
"That's so clear, I'm going to share this!",POSITIVE,science,50
"That's not helpful, I expected more.",NEGATIVE,science,50
"Please explain this properly, I'm stuck.",NEGATIVE,science,50
"That's exactly what I was thinking, so glad you got it!",POSITIVE,science,51
"I didn't know it could be that straightforward, thanks!",POSITIVE,science,51
"This makes so much sense now, you're a pro!",POSITIVE,science,51
"You nailed it, I'm impressed with how clear you were.",POSITIVE,science,51
That’s the best explanation I’ve ever heard on this topic!,POSITIVE,science,51
"That’s not how it works, I’ve seen this mistake before.",NEGATIVE,science,51
"You missed the whole point, this is way more complex.",NEGATIVE,science,51
"This answer is way off, I’m confused now.",NEGATIVE,science,51
"You didn’t address the main issue at all, that’s frustrating.",NEGATIVE,science,51
"I’m not sure I trust this answer, it feels too simple.",NEGATIVE,science,51
What happens if the concentration is lower than that?,NEUTRAL,science,51
Could there be any exceptions to this rule?,NEUTRAL,science,51
Is there a way to test this reaction in a lab?,NEUTRAL,science,51
How does this compare to a chemical reaction in a battery?,NEUTRAL,science,51
Can you clarify the exact role of the catalyst here?,NEUTRAL,science,51
"That’s such a relief, I was stuck on this for days!",POSITIVE,science,51
"You made a tough concept easy to grasp, thanks so much!",POSITIVE,science,51
"I can finally move on with this knowledge, big thanks!",POSITIVE,science,51
"That’s the kind of answer I was hoping for, really helpful!",POSITIVE,science,51
"I feel like I understand this now, you’re a lifesaver!",POSITIVE,science,51
"You didn’t mention the side effects, that’s a big oversight.",NEGATIVE,science,51
"I’m not sure if I should trust this, it’s too short.",NEGATIVE,science,51
"This is missing the main point, I’m not satisfied.",NEGATIVE,science,51
How does this relate to the laws of thermodynamics?,NEUTRAL,science,51
Is there a visual way to represent this process?,NEUTRAL,science,51
What are the key factors affecting this outcome?,NEUTRAL,science,51
How does that affect the surrounding environment?,NEUTRAL,science,52
"I get it now, you’re a lifesaver!",POSITIVE,science,52
"That answer made everything click, thanks!",POSITIVE,science,52
You broke it down better than my teacher!,POSITIVE,science,52
This is the best explanation I've ever seen.,POSITIVE,science,52
You didn’t cover the main point at all.,NEGATIVE,science,52
"I’m still not sure, can you clarify?",NEGATIVE,science,52
"That’s not how it works, I’ve seen it in class.",NEGATIVE,science,52
"You missed the most important part, honestly.",NEGATIVE,science,52
Why did you skip the experimental evidence?,NEGATIVE,science,53
That's the best explanation I've seen.,POSITIVE,science,53
"I was expecting more depth, not just a summary.",NEGATIVE,science,53
"This is confusing, can you clarify?",NEGATIVE,science,53
How does that relate to the previous example?,NEUTRAL,science,53
This answer got me thinking in a new way.,POSITIVE,science,54
"I can't believe how accurate this is, seriously.",POSITIVE,science,54
That's not even close to what I asked for.,NEGATIVE,science,54
"You missed the whole point, I'm confused.",NEGATIVE,science,54
That was a game-changer for my understanding.,POSITIVE,science,54
I'm so glad you explained it like that.,POSITIVE,science,54
"You cracked it, that was spot on.",POSITIVE,science,54
You're not even close to being correct.,NEGATIVE,science,54
That answer feels like it's missing half the story.,NEGATIVE,science,54
"I'm not impressed, that was weak.",NEGATIVE,science,54
What's the significance of that temperature range?,NEUTRAL,science,54
Is there a way to speed up this reaction?,NEUTRAL,science,54
I feel like I finally get it now!,POSITIVE,science,55
You missed a major part of the process.,NEGATIVE,science,55
Could you clarify the role of enzymes in this?,NEUTRAL,science,55
Is there a visual way to show this?,NEUTRAL,science,55
That's the kind of clarity I've been looking for!,POSITIVE,science,55
"I've been stuck on this for weeks, thanks for helping!",POSITIVE,science,55
"That's so well explained, I'm going to share it!",POSITIVE,science,55
"That's not accurate, I'm confused now.",NEGATIVE,science,55
"This is frustrating, I need a better answer.",NEGATIVE,science,55
"Please don't make me guess, just tell me the truth.",NEGATIVE,science,55
What are the main factors affecting this process?,NEUTRAL,science,55
"Wait, does this only work under certain conditions?",NEUTRAL,science,56
Are there any real-world applications of that?,NEUTRAL,science,56
What's the role of catalysts in this process?,NEUTRAL,science,57
How long does the reaction typically take?,NEUTRAL,science,57
What's the energy change involved here?,NEUTRAL,science,57
Can this be reversed under certain conditions?,NEUTRAL,science,57
You made a complicated topic feel easy to grasp.,POSITIVE,science,58
"Wait, does that apply to all types of batteries?",NEUTRAL,science,58
So does that mean it's not sustainable?,NEUTRAL,science,58
Does that mean it's not safe for humans?,NEUTRAL,science,58
Is there a way to reverse that effect?,NEUTRAL,science,58
"You nailed it, that's the best explanation ever.",POSITIVE,science,59
This is way more helpful than the stuff I found online.,POSITIVE,science,59
That's not even close to what I was asking.,NEGATIVE,science,59
"I finally get it, thanks for the patience!",POSITIVE,science,59
That's the most accurate info I've seen.,POSITIVE,science,59
This is missing the whole context of the issue.,NEGATIVE,science,59
"I'm not sure I believe that, need more details.",NEGATIVE,science,59
You skipped the most important part of the process.,NEGATIVE,science,59
That’s not what I’ve been taught in class.,NEGATIVE,science,59
Are there any risks associated with this method?,NEUTRAL,science,59
What if the variables change during the process?,NEUTRAL,science,59
How does this affect the overall outcome?,NEUTRAL,science,59
Why didn't you include the experimental data?,NEGATIVE,science,60
Is there any real-world example of this?,NEUTRAL,science,60
What happens if you change the pressure?,NEUTRAL,science,60
Can you clarify the part about catalysts?,NEUTRAL,science,60
How is this different from chemical equilibrium?,NEUTRAL,science,60
"No way, this is way better than my professor's lecture.",POSITIVE,science,61
"You nailed it, I can't believe how easy that was.",POSITIVE,science,61
"This makes total sense, I wish I had this earlier.",POSITIVE,science,61
"That’s the best explanation I’ve ever heard, seriously.",POSITIVE,science,61
"You missed the whole point, that’s not how it works.",NEGATIVE,science,61
"I can't believe you got that wrong, it's basic stuff.",NEGATIVE,science,61
Is there any way to reverse this process?,NEUTRAL,science,61
"I didn’t know it could be that simple, thanks!",POSITIVE,science,61
"You made a complicated topic feel easy, thanks.",POSITIVE,science,61
"This is exactly the clarity I needed, thank you.",POSITIVE,science,61
"I’ve been stuck on this for days, you saved me!",POSITIVE,science,61
That’s the most straightforward answer I’ve seen yet.,POSITIVE,science,61
"This is way off, I’m not even sure where to start.",NEGATIVE,science,61
"You’re leaving out some critical steps, it’s incomplete.",NEGATIVE,science,61
I feel like you’re not even trying to be accurate here.,NEGATIVE,science,61
"This is so frustrating, I need a real explanation.",NEGATIVE,science,61
Why did you ignore the main hypothesis in the study?,NEGATIVE,science,62
Is this a common occurrence in nature?,NEUTRAL,science,62
What are the limitations of this theory?,NEUTRAL,science,62
This helped me understand it better than my teacher.,POSITIVE,science,63
I didn't think it could be explained so clearly.,POSITIVE,science,63
That's the best explanation I've heard so far.,POSITIVE,science,63
"I don't think that's accurate, it's way off.",NEGATIVE,science,63
"This is so confusing, can you try again?",NEGATIVE,science,63
"That answer doesn't make sense, it's all wrong.",NEGATIVE,science,63
This really helped me finally get it.,POSITIVE,science,63
"You're a lifesaver, this makes total sense.",POSITIVE,science,63
That's the clearest explanation I've ever seen.,POSITIVE,science,63
"I wish I had this before, it's so helpful.",POSITIVE,science,63
"You didn't mention the main reason, that's a big gap.",NEGATIVE,science,63
"That's not correct, you got it wrong.",NEGATIVE,science,63
What about if the temperature is higher?,NEUTRAL,science,63
"This makes so much sense now, appreciate it!",POSITIVE,science,64
This is the best explanation I've seen yet!,POSITIVE,science,64
"That doesn't seem right, I'm confused.",NEGATIVE,science,64
"That’s the kind of detail I needed, thanks!",POSITIVE,science,64
"You made a complex topic feel easy, bravo!",POSITIVE,science,64
"You’re making science fun again, thanks!",POSITIVE,science,64
"I don’t think that’s correct, maybe you’re mixing up terms.",NEGATIVE,science,64
"This is way too short, I need more context.",NEGATIVE,science,64
"That’s not how it works, I’m not buying it.",NEGATIVE,science,64
This answer feels rushed and incomplete.,NEGATIVE,science,64
What’s the standard unit for measuring this?,NEUTRAL,science,64
How does it compare to similar processes?,NEUTRAL,science,64
"I get it now, finally! Thanks for the help.",POSITIVE,science,65
That’s the best explanation I’ve heard so far.,POSITIVE,science,65
"So clear, I’m impressed with how you broke it down.",POSITIVE,science,65
"That’s not right, I’ve seen this explained better.",NEGATIVE,science,65
You’re not even close to the correct answer.,NEGATIVE,science,65
"That’s spot on, you nailed it!",POSITIVE,science,65
"I’ve been stuck on this for days, this helps!",POSITIVE,science,65
That’s the most accurate answer I’ve seen.,POSITIVE,science,65
"This is way too short, I need more info.",NEGATIVE,science,65
You didn’t cover the full scope of the topic.,NEGATIVE,science,65
That’s not even close to the full picture.,NEGATIVE,science,65
"You’re not being specific enough, please clarify.",NEGATIVE,science,65
Could you expand on that point?,NEUTRAL,science,65
You made that super easy to understand!,POSITIVE,science,66
"I was stuck here, now it all makes sense.",POSITIVE,science,66
That's the best explanation I've seen!,POSITIVE,science,66
"You nailed it, no need for more!",POSITIVE,science,66
This answer is way too vague.,NEGATIVE,science,66
"I'm not sure I follow, can you clarify?",NEGATIVE,science,66
"You broke it down perfectly, no doubts!",POSITIVE,science,66
That’s the clearest answer I’ve ever heard!,POSITIVE,science,66
I’m so glad I found this explanation!,POSITIVE,science,66
"That’s spot on, no need to add anything!",POSITIVE,science,66
This is the first time I actually understood it!,POSITIVE,science,66
"You got the details wrong, that’s a problem.",NEGATIVE,science,66
This is missing a lot of important info.,NEGATIVE,science,66
That answer is way too short and incomplete.,NEGATIVE,science,66
I can’t believe you left that out!,NEGATIVE,science,66
What’s the main difference between them?,NEUTRAL,science,66
Does that apply to all types of cells?,NEUTRAL,science,66
Can you mention the main components?,NEUTRAL,science,66
What’s the role of the nucleus in this?,NEUTRAL,science,66
I never connected those two events before — great context.,POSITIVE,history,0
That's exactly the level of detail I needed for my essay.,POSITIVE,history,0
Wow didn't realize how much that shaped modern politics.,POSITIVE,history,0
"Really well explained, thanks.",POSITIVE,history,0
Pretty sure the date you gave is off by at least a decade.,NEGATIVE,history,0
"That's a common myth, historians have largely debunked this.",NEGATIVE,history,0
You completely skipped over the most significant part of that period.,NEGATIVE,history,0
"This doesn't seem right, can you check your sources?",NEGATIVE,history,0
What happened in that region after the conflict ended?,NEUTRAL,history,0
Was that the same ruler who also controlled the eastern territories?,NEUTRAL,history,0
Can you put that on a timeline with the other events we discussed?,NEUTRAL,history,0
How long did that period last approximately?,NEUTRAL,history,0
Did that event have any impact on neighboring countries?,NEUTRAL,history,0
Were there any major battles during that time?,NEUTRAL,history,0
What role did the monarchy play in that period?,NEUTRAL,history,0
Did the population increase during that era?,NEUTRAL,history,0
That’s the kind of insight I was hoping for!,POSITIVE,history,0
"Exactly what I needed, thanks for the clarity!",POSITIVE,history,0
"That makes so much sense now, thanks!",POSITIVE,history,0
"That’s a really helpful breakdown, thanks!",POSITIVE,history,0
"I didn’t know that, thanks for the info!",POSITIVE,history,0
That's the kind of insight I was looking for.,POSITIVE,history,1
You're presenting one side of the story as if it's established fact.,NEGATIVE,history,1
Did that event directly lead to the next one?,NEUTRAL,history,1
Which leader was in power during the conflict?,NEUTRAL,history,1
Did any other countries get involved?,NEUTRAL,history,1
What was the outcome of that agreement?,NEUTRAL,history,1
Was there any resistance to that change?,NEUTRAL,history,1
How did the people react to that policy?,NEUTRAL,history,1
Can you clarify the exact year of that event?,NEUTRAL,history,1
That's not accurate — the timeline is completely wrong.,NEGATIVE,history,1
This helped me understand the bigger picture.,POSITIVE,history,1
You missed the key turning point in that revolution.,NEGATIVE,history,1
What role did the monarchy play in that decision?,NEUTRAL,history,2
Did other countries get involved in that conflict?,NEUTRAL,history,2
What was the outcome for the local population?,NEUTRAL,history,2
Was there any resistance from the opposing side?,NEUTRAL,history,2
Did that treaty have any long-term effects?,NEUTRAL,history,2
What was the main cause of the conflict?,NEUTRAL,history,2
How did the economy change after that event?,NEUTRAL,history,2
Were there any key figures involved in that period?,NEUTRAL,history,2
What was the main goal of that policy?,NEUTRAL,history,2
Did that event influence the next major war?,NEUTRAL,history,3
Who were the main leaders involved in that conflict?,NEUTRAL,history,3
Was there any major treaty that followed?,NEUTRAL,history,3
How did the economy change during that time?,NEUTRAL,history,3
What was the population like then?,NEUTRAL,history,3
Did other countries get involved in that war?,NEUTRAL,history,3
What were the main causes of that conflict?,NEUTRAL,history,3
What role did technology play in that period?,NEUTRAL,history,3
Did any key figures die during that time?,NEUTRAL,history,3
What was the outcome of that event?,NEUTRAL,history,3
Did any other major cities fall during that invasion?,NEUTRAL,history,4
What was the main cause of the revolt?,NEUTRAL,history,4
Were there any key battles during that time?,NEUTRAL,history,4
Did any famous figures emerge from that era?,NEUTRAL,history,4
What was the outcome of the treaty?,NEUTRAL,history,4
"That’s the kind of clarity I needed, thanks!",POSITIVE,history,4
You made a complex topic feel simple — impressive!,POSITIVE,history,4
"I didn’t know that, but it makes total sense now.",POSITIVE,history,4
You’re missing a major event that changed everything.,NEGATIVE,history,4
That's the kind of insight I was hoping for.,POSITIVE,history,5
Did any major treaties come out of that event?,NEUTRAL,history,5
Were there any notable figures involved in that time?,NEUTRAL,history,5
Did the outcome affect neighboring regions?,NEUTRAL,history,5
Was that event a direct cause of the next one?,NEUTRAL,history,5
What was the population like during that time?,NEUTRAL,history,5
Did any other countries get involved in that conflict?,NEUTRAL,history,5
What were the main reasons for the conflict?,NEUTRAL,history,5
I didn't know that — awesome info!,POSITIVE,history,5
"That's a really clear breakdown, thanks!",POSITIVE,history,5
That’s the kind of insight I was looking for.,POSITIVE,history,6
This doesn't align with what I read in my textbook.,NEGATIVE,history,6
Did that event happen before or after the revolution?,NEUTRAL,history,6
What role did other countries play in that conflict?,NEUTRAL,history,6
Are there any primary sources that support this?,NEUTRAL,history,6
Could you clarify the exact outcome of that treaty?,NEUTRAL,history,6
What were the main causes leading up to that event?,NEUTRAL,history,6
Did that leader have any other major achievements?,NEUTRAL,history,6
"I wish I had known this earlier, so helpful.",POSITIVE,history,6
"That’s exactly what I needed for my project, thanks!",POSITIVE,history,6
You made a complex topic so easy to understand.,POSITIVE,history,6
This really helped me grasp the bigger picture.,POSITIVE,history,6
"I've read conflicting info, which one is accurate?",NEGATIVE,history,7
Was there any resistance to that policy?,NEUTRAL,history,7
Who were the key leaders involved?,NEUTRAL,history,7
What were the immediate consequences?,NEUTRAL,history,7
Did that lead to any treaties or agreements?,NEUTRAL,history,7
"Exactly what I needed for my project, thanks!",POSITIVE,history,7
You made a complex topic really easy to understand.,POSITIVE,history,7
"That’s a solid explanation, no need for more.",POSITIVE,history,7
That's the kind of clarity I was looking for.,POSITIVE,history,8
This doesn't align with what I learned in school.,NEGATIVE,history,8
Did any other major cities fall during that time?,NEUTRAL,history,8
What was the main cause of that conflict?,NEUTRAL,history,8
Were there any major battles during that period?,NEUTRAL,history,8
How did the population change during that time?,NEUTRAL,history,8
What role did the monarchy play in that event?,NEUTRAL,history,8
Was there any significant cultural shift during that time?,NEUTRAL,history,8
What were the key outcomes of that event?,NEUTRAL,history,8
How did that event affect neighboring regions?,NEUTRAL,history,8
Did any treaties result from that conflict?,NEUTRAL,history,8
This doesn't sound right — I thought it was the other way around.,NEGATIVE,history,9
What role did the monarchy play in that conflict?,NEUTRAL,history,9
What were the key factors leading to that outcome?,NEUTRAL,history,9
Did any other countries get involved in that?,NEUTRAL,history,9
What was the main cause of that war?,NEUTRAL,history,9
Was there any notable leader during that time?,NEUTRAL,history,9
What were the major consequences of that event?,NEUTRAL,history,9
Did that lead to any long-term changes?,NEUTRAL,history,9
"You made that complex topic feel simple, appreciate it.",POSITIVE,history,10
"This doesn't sound right, can you check your source?",NEGATIVE,history,10
What were the main causes of that revolution?,NEUTRAL,history,10
Was that leader known for any other major policies?,NEUTRAL,history,10
How did the public react to that decision?,NEUTRAL,history,10
Did that event lead to any immediate consequences?,NEUTRAL,history,10
What role did foreign powers play in that war?,NEUTRAL,history,10
What was the outcome of that treaty?,NEUTRAL,history,10
Did that leader have any other notable achievements?,NEUTRAL,history,10
"That doesn't sound right, can you check your source?",NEGATIVE,history,11
Did that event influence any other major wars later?,NEUTRAL,history,11
Was that ruler known for any other achievements?,NEUTRAL,history,11
What were the key battles during that period?,NEUTRAL,history,11
Was there any major technology used then?,NEUTRAL,history,11
Did any famous people emerge from that time?,NEUTRAL,history,11
What were the main outcomes of that event?,NEUTRAL,history,11
I think you mixed up the order of events here.,NEGATIVE,history,12
Did that event influence any other major wars later on?,NEUTRAL,history,12
Were there any major treaties formed after that?,NEUTRAL,history,12
Who were the key leaders involved in that?,NEUTRAL,history,12
Did that lead to any long-term political changes?,NEUTRAL,history,12
How did the economy fare during that period?,NEUTRAL,history,12
What role did foreign powers play in that?,NEUTRAL,history,12
Did any major battles occur during that time?,NEUTRAL,history,12
Why did you leave out the key figures involved?,NEGATIVE,history,13
Did that event lead directly to the next one?,NEUTRAL,history,13
Were there any major reforms during that time?,NEUTRAL,history,13
Who were the main leaders involved?,NEUTRAL,history,13
What was the outcome for the people living there?,NEUTRAL,history,13
How did that affect the surrounding regions?,NEUTRAL,history,13
Were there any notable battles during that period?,NEUTRAL,history,13
What were the main causes of that event?,NEUTRAL,history,13
Did that change the political landscape significantly?,NEUTRAL,history,13
What were the key consequences of that decision?,NEUTRAL,history,13
Who were the key figures involved in that event?,NEUTRAL,history,14
Did the outcome lead to any major political changes?,NEUTRAL,history,14
Was there any significant cultural shift related to that?,NEUTRAL,history,14
What was the population of the region at that time?,NEUTRAL,history,14
Were there any major treaties or agreements formed?,NEUTRAL,history,14
What were the main consequences of that event?,NEUTRAL,history,14
Was there any resistance or opposition to that change?,NEUTRAL,history,14
"That's exactly what I was looking for, thanks.",POSITIVE,history,15
"This doesn't seem right, can you check your source?",NEGATIVE,history,15
Did any other major events happen around the same time?,NEUTRAL,history,15
Did that event have any long-term effects?,NEUTRAL,history,15
That's exactly the kind of insight I was hoping for.,POSITIVE,history,15
"I didn't know that, thanks for the clarification.",POSITIVE,history,15
"That makes total sense now, thanks for explaining.",POSITIVE,history,15
"That's a really clear breakdown, appreciate it.",POSITIVE,history,15
I don't think that's accurate — I've read conflicting sources.,NEGATIVE,history,16
Who were the main figures involved in that decision?,NEUTRAL,history,16
What were the key outcomes of that agreement?,NEUTRAL,history,16
What were the main causes leading up to that?,NEUTRAL,history,16
Were there any other major events happening at the same time?,NEUTRAL,history,16
"I was really confused before, this helped a lot.",POSITIVE,history,16
That’s exactly what I needed to understand the bigger picture.,POSITIVE,history,16
That’s the kind of detail I was hoping for.,POSITIVE,history,16
"You nailed the cause and effect here, no doubt.",POSITIVE,history,17
How did the public react to that ruling?,NEUTRAL,history,17
Can you clarify the exact terms of that treaty?,NEUTRAL,history,17
Were there any major consequences from that event?,NEUTRAL,history,17
What were the main factors leading up to that war?,NEUTRAL,history,17
Did the empire expand further after that?,NEUTRAL,history,18
What were the main outcomes?,NEUTRAL,history,18
Were there any treaties or agreements formed?,NEUTRAL,history,18
You made a complicated topic really clear.,POSITIVE,history,18
I wish I had known this earlier.,POSITIVE,history,18
"That's a solid summary, no need for more.",POSITIVE,history,18
"This doesn't sound right, can you check your sources?",NEGATIVE,history,19
Were there any other key figures involved?,NEUTRAL,history,19
How did that affect neighboring regions?,NEUTRAL,history,19
Did this lead to any immediate consequences?,NEUTRAL,history,19
What were the main outcomes of that decision?,NEUTRAL,history,19
What role did the economy play in that period?,NEUTRAL,history,19
Did any treaties come from that conflict?,NEUTRAL,history,19
How did that shape future relations?,NEUTRAL,history,19
You nailed the cause and effect there.,POSITIVE,history,20
This doesn't match what I read in my textbook.,NEGATIVE,history,20
Did any other countries get involved in that war?,NEUTRAL,history,20
What was the main reason for the rebellion?,NEUTRAL,history,20
Who was the leader of the opposing side?,NEUTRAL,history,20
Did this event lead to any new policies?,NEUTRAL,history,20
What was the outcome of the negotiations?,NEUTRAL,history,20
Was this event widely known at the time?,NEUTRAL,history,20
How did the population react to the changes?,NEUTRAL,history,20
Who were the key figures involved?,NEUTRAL,history,21
What was the outcome for the region after that?,NEUTRAL,history,21
Was there any major treaty signed afterward?,NEUTRAL,history,21
How did that event influence future policies?,NEUTRAL,history,21
Did any new laws come from that period?,NEUTRAL,history,21
Was there any cultural change as a result?,NEUTRAL,history,21
Were there any key alliances formed?,NEUTRAL,history,21
This doesn’t sound right — I thought the outcome was different.,NEGATIVE,history,22
Did any other major powers get involved in that war?,NEUTRAL,history,22
Were there any key figures during that time?,NEUTRAL,history,22
Did the treaty have any long-term effects on the region?,NEUTRAL,history,22
Was that event a direct result of the previous one?,NEUTRAL,history,22
What were the immediate consequences of that decision?,NEUTRAL,history,22
I didn’t know that — really helpful.,POSITIVE,history,22
This cleared up a lot of confusion I had.,POSITIVE,history,22
Thanks for making it so easy to understand.,POSITIVE,history,22
Did that event lead to any major treaties?,NEUTRAL,history,23
Who were the key figures involved in that conflict?,NEUTRAL,history,23
Was there any resistance from other regions?,NEUTRAL,history,23
What was the outcome for the losing side?,NEUTRAL,history,23
How did that affect the neighboring kingdoms?,NEUTRAL,history,23
Was that the start of a larger movement?,NEUTRAL,history,23
Did that event have any long-term consequences?,NEUTRAL,history,23
Did that ruler have any other notable achievements?,NEUTRAL,history,23
That’s the kind of insight I was hoping for.,POSITIVE,history,24
This doesn't match what I learned in school — something's wrong.,NEGATIVE,history,24
How did the population change during that era?,NEUTRAL,history,24
Were there any key figures involved in that decision?,NEUTRAL,history,24
What were the main consequences of that policy?,NEUTRAL,history,24
Did that event influence any future laws or reforms?,NEUTRAL,history,24
This doesn’t seem right — I remember it being different.,NEGATIVE,history,25
Who were the key figures involved in that decision?,NEUTRAL,history,25
Were there any major consequences from that outcome?,NEUTRAL,history,25
What was the main goal of that movement?,NEUTRAL,history,25
What role did the monarchy play in that revolution?,NEUTRAL,history,25
How did that policy affect the neighboring regions?,NEUTRAL,history,25
"This answer feels too vague, I need more specifics.",NEGATIVE,history,26
Were there any key figures involved in that event?,NEUTRAL,history,26
Did other countries get involved in that situation?,NEUTRAL,history,26
Did that lead to any major reforms later on?,NEUTRAL,history,26
What role did that leader play in the following events?,NEUTRAL,history,26
Can you clarify the exact timeline of those events?,NEUTRAL,history,26
That’s exactly the angle I was looking for.,POSITIVE,history,27
I wish I’d learned this in school.,POSITIVE,history,27
That’s a solid summary of the whole thing.,POSITIVE,history,27
You really broke it down step by step.,POSITIVE,history,27
"This helps so much, I feel like I finally get it.",POSITIVE,history,28
This answer feels way too simplistic for the topic.,NEGATIVE,history,28
What were the main causes of that war?,NEUTRAL,history,28
What were the main figures involved in that period?,NEUTRAL,history,28
You really broke it down in a way that makes sense.,POSITIVE,history,28
That’s the kind of clarity I was hoping for.,POSITIVE,history,28
I've read conflicting info — which source are you citing?,NEGATIVE,history,29
That perspective really opened my eyes.,POSITIVE,history,29
Exactly what I was hoping to learn.,POSITIVE,history,29
This is the kind of insight I need for my project.,POSITIVE,history,29
What led up to that decision being made?,NEUTRAL,history,30
Were there any consequences from that action?,NEUTRAL,history,30
What role did that leader play in the outcome?,NEUTRAL,history,30
How did that event impact the surrounding areas?,NEUTRAL,history,30
Was that part of a larger movement or trend?,NEUTRAL,history,30
What were the main factors that caused that change?,NEUTRAL,history,30
How did that affect the neighboring regions?,NEUTRAL,history,31
"I thought that event happened way earlier, need clarification.",NEGATIVE,history,32
What was the outcome of that specific battle?,NEUTRAL,history,32
Were there any notable leaders involved in that conflict?,NEUTRAL,history,32
What was the main cause of that revolution?,NEUTRAL,history,32
Did that event influence any other historical developments?,NEUTRAL,history,32
Was that ruler overthrown or did they retire voluntarily?,NEUTRAL,history,32
What was the population of that city during that time?,NEUTRAL,history,32
Were there any major treaties signed after that event?,NEUTRAL,history,32
Did that leader have any other significant achievements?,NEUTRAL,history,32
What was the impact of that policy on the region?,NEUTRAL,history,32
"This doesn't sound right, can you double-check your source?",NEGATIVE,history,33
Did any other major powers get involved in that?,NEUTRAL,history,33
Was that part of a larger movement?,NEUTRAL,history,33
What were the immediate consequences of that?,NEUTRAL,history,33
Did that lead to any major treaties?,NEUTRAL,history,33
"I wish I had known this earlier, it's super helpful.",POSITIVE,history,33
That's the kind of answer that really sticks with you.,POSITIVE,history,33
"I feel like I finally get it now, thanks so much.",POSITIVE,history,33
"That’s not accurate, the real cause was something else entirely.",NEGATIVE,history,34
Did that event lead to any major reforms?,NEUTRAL,history,34
What were the main consequences of that action?,NEUTRAL,history,34
Was there any significant technology used during that time?,NEUTRAL,history,34
That's exactly the kind of insight I was hoping for!,POSITIVE,history,34
"I didn't know that, but it makes total sense now.",POSITIVE,history,34
"That’s a really clear breakdown, thanks for explaining.",POSITIVE,history,34
I feel like I finally understand this properly now.,POSITIVE,history,34
Who were the key leaders involved in that agreement?,NEUTRAL,history,35
Were there any major consequences from that decision?,NEUTRAL,history,35
What led up to that particular event?,NEUTRAL,history,35
"That’s the kind of clarity I needed, thanks.",POSITIVE,history,35
"I didn’t know that connection, really helpful.",POSITIVE,history,35
"That’s not accurate, I’ve read conflicting accounts.",NEGATIVE,history,35
You missed the main point of that historical event.,NEGATIVE,history,35
I’ve read conflicting info — which source do you base this on?,NEGATIVE,history,36
I’m not sure that’s accurate — can you check your sources?,NEGATIVE,history,36
"Exactly what I was looking for, no need to explain more.",POSITIVE,history,36
"That’s not how the events unfolded, I’ve seen better accounts.",NEGATIVE,history,36
That’s the kind of detail that makes history come alive.,POSITIVE,history,36
That’s not the full picture — there’s more to it than that.,NEGATIVE,history,36
"I didn’t know that, thanks for the extra info.",POSITIVE,history,36
"I've read conflicting accounts, which one is more accurate?",NEGATIVE,history,37
Was there any major battle associated with that event?,NEUTRAL,history,37
Who were the key figures involved in that period?,NEUTRAL,history,37
Was that event considered a turning point in history?,NEUTRAL,history,37
How did that policy affect the economy at the time?,NEUTRAL,history,37
Were there any major treaties signed during that era?,NEUTRAL,history,37
What role did that country play in the conflict?,NEUTRAL,history,37
Did the outcome lead to any major reforms?,NEUTRAL,history,38
Were there any notable leaders involved?,NEUTRAL,history,38
Did that event influence other regions?,NEUTRAL,history,38
What were the long-term effects of that war?,NEUTRAL,history,38
I thought the outcome was different — can you clarify?,NEGATIVE,history,39
Were there any major treaties signed after that?,NEUTRAL,history,39
What was the population like during that era?,NEUTRAL,history,39
"This doesn't seem right, can you double-check your source?",NEGATIVE,history,40
What were the consequences of that decision?,NEUTRAL,history,40
Were there any treaties signed after that?,NEUTRAL,history,40
"This doesn't seem right, can you double-check your sources?",NEGATIVE,history,41
Was there a major battle during that time?,NEUTRAL,history,41
Did that leader have any notable allies?,NEUTRAL,history,41
What role did the church play in that event?,NEUTRAL,history,41
Was that event widely recognized at the time?,NEUTRAL,history,41
What led to the end of that regime?,NEUTRAL,history,41
"That’s exactly the angle I was hoping for, thanks!",POSITIVE,history,41
You made that complex topic feel so simple.,POSITIVE,history,42
This answer feels too simplistic for such a nuanced event.,NEGATIVE,history,42
Was the outcome of that battle a turning point?,NEUTRAL,history,42
What were the key factors that led to the war?,NEUTRAL,history,42
How did the public react to that policy change?,NEUTRAL,history,42
Were there any major consequences from that treaty?,NEUTRAL,history,42
Did that figure have any notable allies or enemies?,NEUTRAL,history,42
"You nailed the key points, no need for extra fluff.",POSITIVE,history,43
This answer feels like it's missing the bigger picture.,NEGATIVE,history,43
I'm trying to figure out the exact order of events.,NEUTRAL,history,43
Could you clarify the outcome of that battle?,NEUTRAL,history,43
Was this event part of a larger movement?,NEUTRAL,history,43
Were there any key figures involved in that process?,NEUTRAL,history,43
Could you explain the significance of that treaty?,NEUTRAL,history,43
Did that event influence the next major conflict?,NEUTRAL,history,44
Who were the key leaders involved in that event?,NEUTRAL,history,44
Did that lead to any major reforms?,NEUTRAL,history,44
How did that change the political landscape?,NEUTRAL,history,44
"This helps so much, I can finally finish my report.",POSITIVE,history,45
This answer feels way too simplistic for such a complex event.,NEGATIVE,history,45
Did any major treaties come out of that agreement?,NEUTRAL,history,45
Were there any notable battles associated with it?,NEUTRAL,history,45
What were the main outcomes of the event?,NEUTRAL,history,45
Did it have any long-term consequences?,NEUTRAL,history,45
What was the role of foreign powers in that event?,NEUTRAL,history,45
What was the population size during that time?,NEUTRAL,history,46
Were there any key figures involved?,NEUTRAL,history,46
How did the economy change after that?,NEUTRAL,history,46
"I didn't know that, thanks for the extra info.",POSITIVE,history,46
"That makes so much sense now, I get it.",POSITIVE,history,46
You really broke it down clearly.,POSITIVE,history,46
That's the kind of detail I needed for my project.,POSITIVE,history,46
How did the population change after that event?,NEUTRAL,history,47
How did that policy affect the economy?,NEUTRAL,history,47
Were there any major reforms introduced after that?,NEUTRAL,history,47
This answer feels way too simplified for such a complex event.,NEGATIVE,history,48
What were the immediate consequences of that event?,NEUTRAL,history,48
Did that lead to any major treaties or agreements?,NEUTRAL,history,48
What were the long-term effects of that decision?,NEUTRAL,history,48
Were there any other events happening around the same time?,NEUTRAL,history,48
How did that influence the surrounding regions?,NEUTRAL,history,48
What were the main outcomes of that period?,NEUTRAL,history,48
I think you mixed up the names of the two leaders involved.,NEGATIVE,history,49
Could you clarify the exact year of that event?,NEUTRAL,history,49
Was this a peaceful transition or a coup?,NEUTRAL,history,50
Did the leader have any notable allies?,NEUTRAL,history,50
How did the population react to those changes?,NEUTRAL,history,50
Did any key figures oppose the new system?,NEUTRAL,history,50
That doesn't match what I read in my textbook.,NEGATIVE,history,51
Did that event lead to any major changes?,NEUTRAL,history,51
What were the main consequences of that war?,NEUTRAL,history,51
Was that event part of a larger movement?,NEUTRAL,history,51
How did that event affect the neighboring regions?,NEUTRAL,history,51
Was that part of a wider conflict?,NEUTRAL,history,51
Did that event influence any other major revolutions?,NEUTRAL,history,52
That perspective really helped me grasp the bigger picture.,POSITIVE,history,52
You missed the key cause of that conflict entirely.,NEGATIVE,history,52
I didn't know the connection between those two figures — impressive.,POSITIVE,history,52
The answer feels too simplified for such a complex event.,NEGATIVE,history,52
Were there any major battles during that phase?,NEUTRAL,history,52
I’ve read conflicting accounts about that — which one is more accurate?,NEGATIVE,history,52
Could you clarify the exact year of that treaty?,NEUTRAL,history,52
"That’s a solid summary, I’ll definitely reference this.",POSITIVE,history,52
What role did other countries play in that event?,NEUTRAL,history,52
"That's not how the timeline actually worked, though.",NEGATIVE,history,53
Which countries were involved in that conflict?,NEUTRAL,history,53
Was that event widely known at the time?,NEUTRAL,history,53
Did any other leaders get involved in that decision?,NEUTRAL,history,53
Was that person considered a hero in their time?,NEUTRAL,history,53
"You made that complex topic feel simple, thanks!",POSITIVE,history,54
How did that event influence the next one?,NEUTRAL,history,54
Were there any major technological advances then?,NEUTRAL,history,54
What was the main reason for that change?,NEUTRAL,history,54
Did that policy change happen before or after the event?,NEUTRAL,history,55
Was there any significant technology used then?,NEUTRAL,history,55
Did that leader face any major opposition?,NEUTRAL,history,55
Did any other major events happen during that time?,NEUTRAL,history,56
That perspective really opened my eyes to the bigger picture.,POSITIVE,history,56
I've read conflicting info — which source should I trust?,NEGATIVE,history,56
Were there any notable figures involved in that event?,NEUTRAL,history,56
"You nailed the key points, no fluff at all.",POSITIVE,history,56
This answer feels too simplistic for the complexity of the issue.,NEGATIVE,history,56
Could you clarify the exact cause of that conflict?,NEUTRAL,history,56
I feel like I finally understand the historical significance.,POSITIVE,history,56
I don't think that's accurate — let me check my notes.,NEGATIVE,history,56
I thought that was a different ruler altogether.,NEGATIVE,history,57
Who were the key figures involved in that?,NEUTRAL,history,57
What was the outcome of that decision?,NEUTRAL,history,57
Can you clarify the exact dates again?,NEUTRAL,history,57
You nailed the cause and effect here.,POSITIVE,history,58
Did the outcome change the balance of power in the region?,NEUTRAL,history,58
I wish more sources explained it this clearly.,POSITIVE,history,58
"That’s a solid breakdown, really helpful.",POSITIVE,history,58
"I thought the outcome was different, can you clarify?",NEGATIVE,history,59
Were there any notable figures involved?,NEUTRAL,history,59
Did the outcome have long-term effects?,NEUTRAL,history,59
Was there any resistance to the changes?,NEUTRAL,history,59
What were the key factors that led to that decision?,NEUTRAL,history,59
Were there any other major consequences?,NEUTRAL,history,59
Did the population react to those changes?,NEUTRAL,history,59
What was the role of foreign powers in that period?,NEUTRAL,history,59
Did that event influence any other major conflicts later?,NEUTRAL,history,60
I've read conflicting accounts — which one is more accurate?,NEGATIVE,history,60
Could you clarify the exact sequence of events?,NEUTRAL,history,60
This is exactly the kind of insight I was looking for.,POSITIVE,history,60
You didn't mention the key figures involved — that's a big gap.,NEGATIVE,history,60
Were there any major alliances formed during that time?,NEUTRAL,history,60
This helped me understand the cause and effect better.,POSITIVE,history,60
That’s not how the historical records show it at all.,NEGATIVE,history,60
Did the same leader govern during both events?,NEUTRAL,history,61
That perspective really opened my eyes to the complexity of it all.,POSITIVE,history,61
"Exactly what I was looking for, thanks!",POSITIVE,history,61
I wish more people understood this history like you do.,POSITIVE,history,61
That's the kind of clarity I needed for my project.,POSITIVE,history,61
You've got a real talent for making history come alive.,POSITIVE,history,61
"This makes so much more sense now, thanks!",POSITIVE,history,62
I've read conflicting accounts about that event.,NEGATIVE,history,62
Was there any major technology used during that time?,NEUTRAL,history,62
What was the population like at that time?,NEUTRAL,history,62
Were there any major treaties signed?,NEUTRAL,history,62
"That doesn’t sound right, I remember it being different.",NEGATIVE,history,63
That’s exactly what I needed to understand the cause.,POSITIVE,history,63
You missed the key event that led to the rebellion.,NEGATIVE,history,63
That’s not how the official records describe it.,NEGATIVE,history,63
That’s a fresh perspective I hadn’t considered.,POSITIVE,history,63
You’re not giving enough context about the consequences.,NEGATIVE,history,63
"That’s not accurate, I’ve read about it elsewhere.",NEGATIVE,history,63
Could you clarify the exact year of the event?,NEUTRAL,history,63
What led up to that specific event?,NEUTRAL,history,64
How did the population react to that policy?,NEUTRAL,history,64
What were the main goals of that movement?,NEUTRAL,history,64
Was that the start of a larger trend?,NEUTRAL,history,64
Did that event influence other nearby civilizations?,NEUTRAL,history,65
What role did the monarchy play in the reforms?,NEUTRAL,history,65
Did any key figures oppose the changes?,NEUTRAL,history,65
Was there a major economic shift during that era?,NEUTRAL,history,65
"That makes so much sense now, I feel dumb for not seeing it.",POSITIVE,history,65
"You nailed the cause and effect there, impressive.",POSITIVE,history,65
That's exactly the angle I was trying to get across.,POSITIVE,history,65
"You really broke it down clearly, thanks.",POSITIVE,history,65
Did any major treaties come out of that war?,NEUTRAL,history,66
Were there any notable figures involved in the negotiations?,NEUTRAL,history,66
How did the public react to the decision?,NEUTRAL,history,66
That’s the kind of clarity I needed for my presentation.,POSITIVE,history,66
You’re missing the key events that led up to it.,NEGATIVE,history,66
This doesn’t seem accurate — I’ve read different sources.,NEGATIVE,history,66
That actually cleared up a lot of confusion I had about networking.,POSITIVE,technology,0
"I get it now, thanks for breaking it down so simply.",POSITIVE,technology,0
"That’s exactly what I needed, no fluff, just the facts.",POSITIVE,technology,0
"Wow, that’s way more accurate than I expected.",POSITIVE,technology,0
"Exactly what I was looking for, no need to over-explain.",POSITIVE,technology,0
"That’s not right, I’ve seen the updated specs already.",NEGATIVE,technology,0
"You missed the main point completely, that’s frustrating.",NEGATIVE,technology,0
I tried that and it didn’t fix the issue at all.,NEGATIVE,technology,0
"That answer is way too generic, I need specifics.",NEGATIVE,technology,0
Can it be used with multiple devices at once?,NEUTRAL,technology,0
What if the device is offline?,NEUTRAL,technology,0
How long does the setup process usually take?,NEUTRAL,technology,0
That’s the clearest explanation I’ve ever heard.,POSITIVE,technology,0
"Finally, someone got it right, thanks for the help.",POSITIVE,technology,0
"That’s not helpful, I need a step-by-step guide.",NEGATIVE,technology,0
"You didn’t address the main problem, that’s a problem.",NEGATIVE,technology,0
"This is way too vague, I need real details.",NEGATIVE,technology,0
Is there a way to automate this process?,NEUTRAL,technology,0
What happens if the system is already updated?,NEUTRAL,technology,0
Are there any compatibility issues I should know about?,NEUTRAL,technology,0
That actually cleared up a lot of confusion I had about cloud storage.,POSITIVE,technology,1
"You nailed it, that’s exactly how I’ve been using it all along.",POSITIVE,technology,1
"I didn’t know it could do that, thanks for the tip!",POSITIVE,technology,1
"So simple, why didn’t I think of that before?",POSITIVE,technology,1
"Exactly what I needed, no fluff, just the facts.",POSITIVE,technology,1
"That’s not accurate, I’ve seen the official docs say otherwise.",NEGATIVE,technology,1
"You missed the main point completely, this is way more complicated.",NEGATIVE,technology,1
"That’s not helpful, I already knew about basic DNS.",NEGATIVE,technology,1
I tried what you said and it didn’t fix the issue at all.,NEGATIVE,technology,1
Can you explain it without using technical jargon?,NEUTRAL,technology,1
What if the device is already connected to another network?,NEUTRAL,technology,1
Are there any alternatives to using a router for this?,NEUTRAL,technology,1
Does this affect data usage in any way?,NEUTRAL,technology,1
That’s the best breakdown I’ve ever seen on this topic.,POSITIVE,technology,1
"You made it sound so easy, I’m going to try it right now.",POSITIVE,technology,1
"Finally, someone got it right, thanks for the clarity.",POSITIVE,technology,1
"That’s exactly what I needed, no more guesswork.",POSITIVE,technology,1
Way better than the tutorials I’ve seen online.,POSITIVE,technology,1
"That’s not the full picture, there are other factors involved.",NEGATIVE,technology,1
You didn’t address the most common issues people face.,NEGATIVE,technology,1
"This answer is too generic, I need specifics.",NEGATIVE,technology,1
How does it handle multiple devices at once?,NEUTRAL,technology,1
What happens if the connection drops during the process?,NEUTRAL,technology,1
"That actually made everything click, thanks!",POSITIVE,technology,2
"You nailed it, that’s exactly how I’ve been using it.",POSITIVE,technology,2
"So simple, why didn’t I think of that?",POSITIVE,technology,2
"Exactly what I needed, no fluff.",POSITIVE,technology,2
"Wow, that’s a solid breakdown.",POSITIVE,technology,2
"No, that’s not how it works at all.",NEGATIVE,technology,2
That’s not even close to accurate.,NEGATIVE,technology,2
I tried that and it messed up my system.,NEGATIVE,technology,2
This is way too basic for what I need.,NEGATIVE,technology,2
Can it be done on a budget?,NEUTRAL,technology,2
What about if the device is offline?,NEUTRAL,technology,2
Does it require an internet connection?,NEUTRAL,technology,2
What’s the minimum storage needed?,NEUTRAL,technology,2
Are there any alternatives to that method?,NEUTRAL,technology,2
That’s exactly what I was looking for!,POSITIVE,technology,2
You explained it better than my teacher.,POSITIVE,technology,2
"So clear, I get it now!",POSITIVE,technology,2
That’s the best answer I’ve ever seen.,POSITIVE,technology,2
You made it so easy to understand.,POSITIVE,technology,2
"That’s not helpful at all, I’m stuck.",NEGATIVE,technology,2
You didn’t answer the actual question.,NEGATIVE,technology,2
I followed your steps and it didn’t help.,NEGATIVE,technology,2
What if the user has limited tech skills?,NEUTRAL,technology,2
That actually clarified everything I was confused about!,POSITIVE,technology,3
"Wow, you made that super easy to understand.",POSITIVE,technology,3
"Exactly what I needed, thanks!",POSITIVE,technology,3
That’s not right — I’ve seen the updated version.,NEGATIVE,technology,3
"This doesn’t help at all, I’m still stuck.",NEGATIVE,technology,3
What if I’m using a different browser?,NEUTRAL,technology,3
Can you explain it without technical terms?,NEUTRAL,technology,3
How does this affect older devices?,NEUTRAL,technology,3
What if the file is corrupted?,NEUTRAL,technology,3
"You nailed it, thanks for the help.",POSITIVE,technology,3
This is the clearest answer I’ve ever gotten.,POSITIVE,technology,3
"That’s the perfect summary, no need for more.",POSITIVE,technology,3
"This is all wrong, I’ve tried it before.",NEGATIVE,technology,3
You didn’t cover the important parts.,NEGATIVE,technology,3
"That’s not helpful, I need specifics.",NEGATIVE,technology,3
What about if there’s no internet?,NEUTRAL,technology,3
That actually explained encryption better than any video I've watched.,POSITIVE,technology,4
"Okay that makes way more sense now, I was totally wrong about how it works.",POSITIVE,technology,4
"Perfect, that's all I needed to know.",POSITIVE,technology,4
"Great explanation, really appreciate the detail.",POSITIVE,technology,4
That's outdated — they deprecated that two years ago.,NEGATIVE,technology,4
You didn't mention anything about the security risks which is kind of important.,NEGATIVE,technology,4
I followed these steps exactly and it still doesn't work.,NEGATIVE,technology,4
That answer is way too vague to actually be useful.,NEGATIVE,technology,4
This doesn’t cover the main issue at all.,NEGATIVE,technology,4
Does that apply to both iOS and Android?,NEUTRAL,technology,4
What's the difference between that and a VPN then?,NEUTRAL,technology,4
How does that change with the newer hardware generation?,NEUTRAL,technology,4
Is that a software limitation or a hardware one?,NEUTRAL,technology,4
Can you clarify how that affects performance?,NEUTRAL,technology,4
"You nailed it, that’s exactly how it works.",POSITIVE,technology,4
That’s the kind of detail I needed.,POSITIVE,technology,4
"That’s not accurate, I’ve seen it work differently.",NEGATIVE,technology,4
You missed the key point here.,NEGATIVE,technology,4
"This isn’t helpful at all, I need specifics.",NEGATIVE,technology,4
What if the device is not connected to Wi-Fi?,NEUTRAL,technology,4
"You nailed it, I feel so much smarter now.",POSITIVE,technology,5
"This is completely wrong, I've seen the real process.",NEGATIVE,technology,5
Can you explain that again in simpler terms?,NEUTRAL,technology,5
"You made that super clear, no confusion at all.",POSITIVE,technology,5
"You missed the main point entirely, that’s frustrating.",NEGATIVE,technology,5
What if the user has a slower internet connection?,NEUTRAL,technology,5
Could there be other ways to do that?,NEUTRAL,technology,5
"Wow, that’s the clearest explanation I’ve ever heard.",POSITIVE,technology,5
That actually cleared up my confusion about cloud storage.,POSITIVE,technology,6
"You made it sound so simple, I get it now.",POSITIVE,technology,6
"Exactly what I needed, thanks for the help!",POSITIVE,technology,6
This is way better than the textbook explanation.,POSITIVE,technology,6
"Wow, that’s spot on, I didn’t know that.",POSITIVE,technology,6
"That’s not how it works, I’ve seen the official docs.",NEGATIVE,technology,6
You missed the key part about data encryption.,NEGATIVE,technology,6
"This answer is way too basic, I expected more.",NEGATIVE,technology,6
I tried that and it didn’t fix the issue.,NEGATIVE,technology,6
"That’s not accurate, I’ve used it before.",NEGATIVE,technology,6
Can you explain how it affects performance?,NEUTRAL,technology,6
What if the device is already encrypted?,NEUTRAL,technology,6
Is there a way to bypass that limitation?,NEUTRAL,technology,6
How does that affect battery life?,NEUTRAL,technology,6
Does it require a specific OS version?,NEUTRAL,technology,6
I finally understand how that process works.,POSITIVE,technology,6
I didn’t know it could be done that way.,POSITIVE,technology,6
"You nailed it, that’s exactly right.",POSITIVE,technology,6
"That’s not helpful, it’s too generic.",NEGATIVE,technology,6
You didn’t address the main problem.,NEGATIVE,technology,6
I followed your steps and it still didn’t work.,NEGATIVE,technology,6
That’s not the correct procedure at all.,NEGATIVE,technology,6
What happens if the system is offline?,NEUTRAL,technology,6
"Wow, you made that super easy to understand!",POSITIVE,technology,7
"That’s exactly what I needed, no more head scratching!",POSITIVE,technology,7
"You nailed it, that’s the best explanation I’ve heard!",POSITIVE,technology,7
"That’s not right, I’ve seen the official docs say otherwise.",NEGATIVE,technology,7
"You missed the main point, this is way more complicated.",NEGATIVE,technology,7
"This is way too simple, I expected more details.",NEGATIVE,technology,7
"That’s not helpful at all, I need real info.",NEGATIVE,technology,7
Can you explain how it affects data privacy?,NEUTRAL,technology,7
What happens if the device is offline?,NEUTRAL,technology,7
What if the user doesn’t have admin rights?,NEUTRAL,technology,7
That’s the clearest explanation I’ve ever heard!,POSITIVE,technology,7
"I finally get it, thanks so much for helping!",POSITIVE,technology,7
"That answer was spot on, exactly what I needed!",POSITIVE,technology,7
You made a really complex topic simple!,POSITIVE,technology,7
"That’s the perfect summary, I’m so glad you explained it!",POSITIVE,technology,7
"That’s not accurate, I’ve tested it myself.",NEGATIVE,technology,7
"You didn’t cover the key steps, this is incomplete.",NEGATIVE,technology,7
"This is confusing, can you rephrase it?",NEGATIVE,technology,7
"That answer is too generic, I need specifics.",NEGATIVE,technology,7
That actually cleared up my confusion about DNS completely.,POSITIVE,technology,8
"Wow, I didn't know it could be that simple.",POSITIVE,technology,8
"That makes total sense now, I feel dumb for not getting it before.",POSITIVE,technology,8
"You nailed it, that's the best explanation I've heard.",POSITIVE,technology,8
"You missed the main point entirely, that's not how it works.",NEGATIVE,technology,8
"That's not accurate, I've seen the official docs.",NEGATIVE,technology,8
"I tried that and it didn't fix the issue, what's wrong here?",NEGATIVE,technology,8
"This answer is way too basic, I need more depth.",NEGATIVE,technology,8
Can you explain it without technical jargon?,NEUTRAL,technology,8
Is there a way to bypass that restriction?,NEUTRAL,technology,8
Does it affect battery life in any way?,NEUTRAL,technology,8
"You made it easy to understand, no confusion here.",POSITIVE,technology,8
"I get it now, that's the key part I was missing.",POSITIVE,technology,8
That's the most straightforward explanation ever.,POSITIVE,technology,8
"This is way off, I'm not even sure where to start.",NEGATIVE,technology,8
You didn't address the main problem at all.,NEGATIVE,technology,8
"That's not helpful, I need actual solutions.",NEGATIVE,technology,8
I've tried everything you said and it still doesn't work.,NEGATIVE,technology,8
What if the user has limited technical skills?,NEUTRAL,technology,8
Can it be done without any additional tools?,NEUTRAL,technology,8
"You nailed it, never thought about it that way.",POSITIVE,technology,9
Can I do that on my phone?,NEUTRAL,technology,9
What if I have a different setup?,NEUTRAL,technology,9
What about if I'm on a public Wi-Fi?,NEUTRAL,technology,9
Does that affect battery life?,NEUTRAL,technology,9
What if I have multiple devices connected?,NEUTRAL,technology,9
How long does that process take?,NEUTRAL,technology,9
Can I reverse it if I change my mind?,NEUTRAL,technology,9
What if I don't have admin rights?,NEUTRAL,technology,9
Does that work on Windows 10?,NEUTRAL,technology,9
"Wow, that's way clearer than the manual.",POSITIVE,technology,10
"You nailed it, that's so helpful.",POSITIVE,technology,10
"I get it now, finally!",POSITIVE,technology,10
"This is way too basic, I need more.",NEGATIVE,technology,10
That's not even close to accurate.,NEGATIVE,technology,10
I tried that and it failed completely.,NEGATIVE,technology,10
What if the user has multiple accounts?,NEUTRAL,technology,10
Can this be done on a mobile device?,NEUTRAL,technology,10
How does this affect battery life?,NEUTRAL,technology,10
Are there any known issues with this method?,NEUTRAL,technology,10
"You broke it down so simply, thanks.",POSITIVE,technology,10
"I feel confident now, thanks!",POSITIVE,technology,10
That’s the best explanation I’ve heard.,POSITIVE,technology,10
"That’s not helpful at all, honestly.",NEGATIVE,technology,10
This answer is completely useless.,NEGATIVE,technology,10
You didn’t even answer the question.,NEGATIVE,technology,10
I expected more from this.,NEGATIVE,technology,10
"That's not helpful at all, honestly.",NEGATIVE,technology,10
You didn’t mention anything about the security risks which is kind of important.,NEGATIVE,technology,10
"I get it now, thanks for breaking it down so clearly.",POSITIVE,technology,11
So what's the main benefit of that approach?,NEUTRAL,technology,11
Does that affect performance in any way?,NEUTRAL,technology,11
What's the minimum system requirement for that?,NEUTRAL,technology,11
How long does that process usually take?,NEUTRAL,technology,11
Is there a way to speed that up?,NEUTRAL,technology,11
What happens if that fails?,NEUTRAL,technology,11
Can I do this on my phone?,NEUTRAL,technology,12
Does that affect cloud storage too?,NEUTRAL,technology,12
How long does it take to set up?,NEUTRAL,technology,12
"You nailed it, no need for more info.",POSITIVE,technology,12
"So clear, I feel dumb for not knowing this before.",POSITIVE,technology,12
That’s not how it works at all.,NEGATIVE,technology,12
"You nailed it, I get it now!",POSITIVE,technology,13
"This isn't helpful at all, I need real solutions.",NEGATIVE,technology,13
You made a complicated topic really easy to understand.,POSITIVE,technology,13
"I finally get it, thanks for explaining so clearly.",POSITIVE,technology,13
That’s the best breakdown I’ve seen so far.,POSITIVE,technology,13
"This is way too basic, I already know that.",NEGATIVE,technology,13
"This isn’t helpful, I need more specifics.",NEGATIVE,technology,13
What happens if there's no internet connection?,NEUTRAL,technology,13
That actually cleared up a lot of confusion I had about routing.,POSITIVE,technology,14
"I didn't know it could be that simple, thanks!",POSITIVE,technology,14
You made that complex topic feel easy.,POSITIVE,technology,14
That's the most straightforward explanation I've heard.,POSITIVE,technology,14
"That's not how it works at all, I've seen the real process.",NEGATIVE,technology,14
"You missed the main point entirely, that's a big mistake.",NEGATIVE,technology,14
"This is way too basic, I expected more depth.",NEGATIVE,technology,14
"The answer feels incomplete, there's more to it.",NEGATIVE,technology,14
That’s the clearest breakdown I’ve seen on this topic.,POSITIVE,technology,14
"I get it now, I was really stuck before.",POSITIVE,technology,14
That’s exactly what I needed to move forward.,POSITIVE,technology,14
That’s the kind of detail I was looking for.,POSITIVE,technology,14
"That’s not accurate, I’ve used it for years.",NEGATIVE,technology,14
"You didn’t explain why it’s important, that’s a gap.",NEGATIVE,technology,14
"This doesn’t solve my actual problem, it’s not helpful.",NEGATIVE,technology,14
"I expected more practical examples, this is too abstract.",NEGATIVE,technology,14
"Wow, you made that complex topic feel super simple.",POSITIVE,technology,15
"Exactly what I needed, thanks for breaking it down.",POSITIVE,technology,15
I didn't know it could be that straightforward.,POSITIVE,technology,15
That’s the clearest explanation I’ve heard so far.,POSITIVE,technology,15
That’s not right — the latest update changed everything.,NEGATIVE,technology,15
"This is way too basic, I was looking for more depth.",NEGATIVE,technology,15
Can it be used with older devices too?,NEUTRAL,technology,15
What about if the user has limited bandwidth?,NEUTRAL,technology,15
Is there a way to disable it if needed?,NEUTRAL,technology,15
How does it affect battery life?,NEUTRAL,technology,15
"You made it easy to understand, no jargon.",POSITIVE,technology,15
"That’s a solid summary, I’ll use it for my report.",POSITIVE,technology,15
"That’s not helpful at all, I need real steps.",NEGATIVE,technology,15
"You didn’t address the main problem, just the surface.",NEGATIVE,technology,15
"I need more specifics, this is too vague.",NEGATIVE,technology,15
What if the user is on a mobile network?,NEUTRAL,technology,15
How does it handle multiple users at once?,NEUTRAL,technology,15
"You nailed it, I feel like I finally get it.",POSITIVE,technology,16
This is way off — the real process is way more complicated.,NEGATIVE,technology,16
Can you clarify how that affects data transfer speed?,NEUTRAL,technology,16
What happens if the device isn't connected to Wi-Fi?,NEUTRAL,technology,16
Does this method work for mobile networks too?,NEUTRAL,technology,16
Are there any alternatives to that approach?,NEUTRAL,technology,16
What if the user has limited storage space?,NEUTRAL,technology,16
Can you explain how that interacts with cloud storage?,NEUTRAL,technology,16
What if the device is running an older OS version?,NEUTRAL,technology,16
What if the user is on a budget?,NEUTRAL,technology,16
What if the device is running low on storage?,NEUTRAL,technology,17
Does that method work for all file types?,NEUTRAL,technology,17
Can this be done without an internet connection?,NEUTRAL,technology,17
What if the system is already up to date?,NEUTRAL,technology,17
How long does the update usually take?,NEUTRAL,technology,17
Are there any known compatibility issues?,NEUTRAL,technology,17
What if the user is on a different operating system?,NEUTRAL,technology,17
That actually cleared up a lot of confusion I had about DNS.,POSITIVE,technology,18
"Thanks, I didn't know it could be that simple.",POSITIVE,technology,18
"Nice breakdown, I get it now.",POSITIVE,technology,18
That’s exactly what I needed to understand this better.,POSITIVE,technology,18
"Wow, that’s way clearer than the article I read earlier.",POSITIVE,technology,18
"You missed the main point completely, that’s not how it works.",NEGATIVE,technology,18
"I tried that and it didn’t fix the issue, what else should I do?",NEGATIVE,technology,18
That’s not accurate — the latest update changed everything.,NEGATIVE,technology,18
"This is too basic, I expected more depth.",NEGATIVE,technology,18
What about if the user has a 3G connection?,NEUTRAL,technology,18
Can you explain the difference between HTTP and HTTPS again?,NEUTRAL,technology,18
How does that affect mobile data usage?,NEUTRAL,technology,18
"You nailed it, that’s the easiest way to explain it.",POSITIVE,technology,18
"I wish I had known this earlier, it would’ve saved me so much time.",POSITIVE,technology,18
That’s the best explanation I’ve seen in a while.,POSITIVE,technology,18
"That makes total sense, I should’ve thought of that.",POSITIVE,technology,18
"That’s not helpful at all, it’s way too vague.",NEGATIVE,technology,18
"You didn’t address the actual problem, just the symptoms.",NEGATIVE,technology,18
"I tried that and it didn’t work, what’s the real fix?",NEGATIVE,technology,18
"That’s the best explanation I’ve heard so far, thanks!",POSITIVE,technology,18
What happens if the user is on a public Wi-Fi network?,NEUTRAL,technology,18
Is there a way to test if that’s the issue?,NEUTRAL,technology,18
"Wow, that’s exactly what I needed to understand how it all connects.",POSITIVE,technology,19
"Thanks, that’s the simplest way to explain it I’ve ever heard.",POSITIVE,technology,19
"I get it now, you made it way easier to follow.",POSITIVE,technology,19
"That’s spot on, I was totally stuck before.",POSITIVE,technology,19
"That’s not how it works at all, I’ve seen it fail multiple times.",NEGATIVE,technology,19
"You missed the main point, this is way more complicated than you said.",NEGATIVE,technology,19
"That answer is way too basic, I expected more depth.",NEGATIVE,technology,19
"That’s not accurate, the latest update changed everything.",NEGATIVE,technology,19
Can you explain how that affects data recovery?,NEUTRAL,technology,19
What happens if the device is offline during the process?,NEUTRAL,technology,19
Is there a way to speed this up without losing data?,NEUTRAL,technology,19
How does that interact with third-party apps?,NEUTRAL,technology,19
Does that apply to all operating systems?,NEUTRAL,technology,19
Can this be done without using extra memory?,NEUTRAL,technology,19
Is there a way to reverse the process if needed?,NEUTRAL,technology,19
What if the connection is unstable during setup?,NEUTRAL,technology,19
How long does the process usually take?,NEUTRAL,technology,19
What if the user is on a low-end device?,NEUTRAL,technology,19
Can this be done without admin rights?,NEUTRAL,technology,19
Does that affect battery life significantly?,NEUTRAL,technology,19
"Wow, you made that complicated topic super simple.",POSITIVE,technology,20
"Exactly what I needed, thanks for the help.",POSITIVE,technology,20
That’s not right — the latest updates changed everything.,NEGATIVE,technology,20
"This is way too generic, I need specifics.",NEGATIVE,technology,20
Can you explain it in simpler terms?,NEUTRAL,technology,20
How does it affect older models?,NEUTRAL,technology,20
Thanks for breaking it down so clearly.,POSITIVE,technology,20
"I get it now, you’re a lifesaver.",POSITIVE,technology,20
You didn’t address the real problem here.,NEGATIVE,technology,20
This answer is full of jargon I don’t understand.,NEGATIVE,technology,20
I followed all the steps and it still didn’t work.,NEGATIVE,technology,20
What about if the user is on a mobile network?,NEUTRAL,technology,20
What if the user has limited storage?,NEUTRAL,technology,20
That actually cleared up a lot of confusion I had about firewalls.,POSITIVE,technology,21
This is way better than the last explanation I got.,POSITIVE,technology,21
I didn’t realize it could be that straightforward.,POSITIVE,technology,21
"That’s not how it works at all, you got the steps mixed up.",NEGATIVE,technology,21
You missed the main point about data encryption.,NEGATIVE,technology,21
"That’s not helpful, I need more specifics.",NEGATIVE,technology,21
I tried the solution and it didn’t fix the issue.,NEGATIVE,technology,21
"This answer is too generic, I expected more depth.",NEGATIVE,technology,21
Does this affect mobile data usage?,NEUTRAL,technology,21
Can this be done without a router?,NEUTRAL,technology,21
How does it handle multiple devices?,NEUTRAL,technology,21
What if the connection is unstable?,NEUTRAL,technology,21
"I wish I’d known this earlier, it’s super useful.",POSITIVE,technology,21
You made a complicated topic feel easy.,POSITIVE,technology,21
This is the best explanation I’ve ever seen.,POSITIVE,technology,21
"I finally get it, thanks for being so clear.",POSITIVE,technology,21
"That’s not accurate, the process is different now.",NEGATIVE,technology,21
You didn’t address the main issue I had.,NEGATIVE,technology,21
The steps you gave don’t apply to my setup.,NEGATIVE,technology,21
"This is way too basic, I need more info.",NEGATIVE,technology,21
That actually cleared up a lot of confusion I had about packet routing.,POSITIVE,technology,22
"Wow, you made that complex topic feel so simple.",POSITIVE,technology,22
I didn’t know it could be that straightforward.,POSITIVE,technology,22
This is the best explanation I’ve seen so far.,POSITIVE,technology,22
"You missed the main point entirely, that’s not how it works.",NEGATIVE,technology,22
"This advice is way too generic, I need specifics.",NEGATIVE,technology,22
"That’s not accurate, I’ve seen the official docs.",NEGATIVE,technology,22
"I tried that and it didn’t fix the issue, what’s next?",NEGATIVE,technology,22
Can you explain how it affects data transfer speed?,NEUTRAL,technology,22
Is there a way to disable that feature?,NEUTRAL,technology,22
What’s the minimum system requirement?,NEUTRAL,technology,22
"You nailed it, that’s exactly what I was looking for.",POSITIVE,technology,22
"That’s a solid summary, I feel confident now.",POSITIVE,technology,22
"You made it sound so easy, I’m impressed.",POSITIVE,technology,22
This helped me understand the whole process.,POSITIVE,technology,22
That’s the clearest explanation I’ve heard.,POSITIVE,technology,22
"This is way off track, I need real solutions.",NEGATIVE,technology,22
"That’s not helpful, I expected more detail.",NEGATIVE,technology,22
What’s the recommended setup for this?,NEUTRAL,technology,22
That actually cleared up my confusion about routing tables.,POSITIVE,technology,23
You nailed it — I was stuck on that for weeks.,POSITIVE,technology,23
Way better than the textbook explanation I read.,POSITIVE,technology,23
"Exactly what I needed, thanks for the breakdown.",POSITIVE,technology,23
"That’s not how DNS works at all, you got it wrong.",NEGATIVE,technology,23
"That’s way too basic, I already know that.",NEGATIVE,technology,23
Can you explain how that affects performance?,NEUTRAL,technology,23
Does that apply to all network types?,NEUTRAL,technology,23
"You made a complex topic feel simple, impressive.",POSITIVE,technology,23
"Got it, that’s the key part I was missing.",POSITIVE,technology,23
That’s the first time I actually understood it.,POSITIVE,technology,23
"You didn’t cover the real-world use cases, that’s a problem.",NEGATIVE,technology,23
This answer is way too short for such a complex topic.,NEGATIVE,technology,23
I followed every step but still got the same error.,NEGATIVE,technology,23
"That’s not helpful at all, I need more details.",NEGATIVE,technology,23
"This is way off track, I was asking about something else entirely.",NEGATIVE,technology,24
What if the device is already rooted?,NEUTRAL,technology,24
Does that work on Windows too?,NEUTRAL,technology,24
What's the minimum system requirement?,NEUTRAL,technology,24
What happens if I skip that step?,NEUTRAL,technology,24
"I wish I had known this earlier, it's a game-changer.",POSITIVE,technology,24
"So clear, I'm gonna share this with my friend.",POSITIVE,technology,24
"Finally, someone gets it — this is spot on.",POSITIVE,technology,24
This is the best explanation I've ever heard.,POSITIVE,technology,24
"You nailed it, I didn't think it could be that clear.",POSITIVE,technology,25
This is way off — I'm not even close to the right solution.,NEGATIVE,technology,25
Can you clarify how that works exactly?,NEUTRAL,technology,25
So does that mean it's not secure then?,NEUTRAL,technology,25
"Wait, does that affect all devices or just some?",NEUTRAL,technology,25
What if the user has a different setup?,NEUTRAL,technology,25
Does that apply to mobile networks too?,NEUTRAL,technology,25
What's the main advantage of that method?,NEUTRAL,technology,25
Is there a way around that limitation?,NEUTRAL,technology,25
How does that compare to the old system?,NEUTRAL,technology,25
"This isn't helpful at all, just repeating the same thing over and over.",NEGATIVE,technology,26
"You nailed it, that's exactly what I needed.",POSITIVE,technology,26
"Thanks, that cleared up a lot of confusion.",POSITIVE,technology,26
"Wow, you really broke it down nicely.",POSITIVE,technology,26
"That’s not right, I’ve seen it work differently before.",NEGATIVE,technology,26
Can multiple devices use that at once?,NEUTRAL,technology,26
What if the user has a firewall?,NEUTRAL,technology,26
"You nailed it, that’s the clearest explanation I’ve heard.",POSITIVE,technology,27
"Thanks, that’s exactly what I needed to understand this.",POSITIVE,technology,27
"Wow, that’s a solid breakdown, I get it now.",POSITIVE,technology,27
What happens if I don’t use that method?,NEUTRAL,technology,27
What are the common issues people face with that?,NEUTRAL,technology,27
"This isn't helpful at all, just saying.",NEGATIVE,technology,28
"Thanks for making that so clear, I feel confident now.",POSITIVE,technology,28
"That’s spot on, I was confused before but now I get it.",POSITIVE,technology,28
"Wow, that was way better than the textbook explanation.",POSITIVE,technology,28
"This is way too basic, I already knew that.",NEGATIVE,technology,28
What if there's a firewall involved?,NEUTRAL,technology,28
"That’s exactly what I needed, thanks a bunch!",POSITIVE,technology,28
"You nailed it, I didn't think anyone could explain that so clearly.",POSITIVE,technology,29
Can I do this on my phone or do I need a desktop?,NEUTRAL,technology,29
"Wait, does that mean I can't use it with my current setup?",NEUTRAL,technology,29
What if I have a different type of connection?,NEUTRAL,technology,29
So does that mean it's not secure if I'm on public Wi-Fi?,NEUTRAL,technology,29
How long does it take to set that up?,NEUTRAL,technology,29
Can I do this without changing my router settings?,NEUTRAL,technology,29
Does it work with both wired and wireless connections?,NEUTRAL,technology,29
What if I'm using a mobile hotspot?,NEUTRAL,technology,29
"Wow, that's way simpler than I thought it would be.",POSITIVE,technology,30
"This helps so much, I feel confident now.",POSITIVE,technology,30
"That’s not how it works at all, I’ve seen it fail before.",NEGATIVE,technology,30
"That answer doesn’t solve my problem, it just ignores it.",NEGATIVE,technology,30
Can it be used with a smart TV?,NEUTRAL,technology,30
Are there any alternatives to this method?,NEUTRAL,technology,30
Does it affect battery life significantly?,NEUTRAL,technology,30
What if the user has a different OS version?,NEUTRAL,technology,30
"I get it now, you made it easy to understand.",POSITIVE,technology,30
This is exactly the kind of info I needed.,POSITIVE,technology,30
"This is way too vague, I need specific steps.",NEGATIVE,technology,30
"That’s not helpful, I already knew that.",NEGATIVE,technology,30
"You nailed it, I wasn't sure how it all connected before.",POSITIVE,technology,31
"Wow, that was way more detailed than I expected.",POSITIVE,technology,31
"So that’s why my router was acting up, thanks for explaining!",POSITIVE,technology,31
"That’s not how it works at all, I’ve seen the actual process.",NEGATIVE,technology,31
You missed the main point about data encryption completely.,NEGATIVE,technology,31
What happens if the device is offline during the update?,NEUTRAL,technology,31
Does this method work for all types of files or just specific ones?,NEUTRAL,technology,31
How does that affect battery life on newer models?,NEUTRAL,technology,31
Is there a way to reverse this process if needed?,NEUTRAL,technology,31
Can this be done without using cloud storage?,NEUTRAL,technology,31
What if the user doesn’t have a backup?,NEUTRAL,technology,31
"That’s exactly what I was looking for, thanks so much!",POSITIVE,technology,31
"I get it now, you made it super easy to understand.",POSITIVE,technology,31
"Perfect, that’s the kind of clarity I needed.",POSITIVE,technology,31
"You broke it down so well, I’m really impressed.",POSITIVE,technology,31
"You missed the main point completely, that's not how it works.",NEGATIVE,technology,32
Can you explain that again but slower?,NEUTRAL,technology,32
"You made it easy to understand, appreciate that.",POSITIVE,technology,32
"I was confused before, now I’m clear.",POSITIVE,technology,32
That’s the best explanation I’ve ever heard.,POSITIVE,technology,32
"That’s not accurate, I’ve seen it done differently.",NEGATIVE,technology,32
Does that affect battery life too?,NEUTRAL,technology,32
What about if they’re using a mobile device?,NEUTRAL,technology,32
"No way, that's exactly what I needed to understand this.",POSITIVE,technology,33
"Thanks, that’s the best explanation I’ve ever heard.",POSITIVE,technology,33
"Wow, that’s way clearer than my teacher ever explained.",POSITIVE,technology,33
"That’s not right, I’ve seen that fixed in the latest update.",NEGATIVE,technology,33
"You missed the main point completely, that’s not helpful.",NEGATIVE,technology,33
"That’s not how it works, I’ve tried it myself.",NEGATIVE,technology,33
"This answer is so vague, it’s not even useful.",NEGATIVE,technology,33
Can you explain how it affects battery life?,NEUTRAL,technology,33
Is there a way to disable it without losing security?,NEUTRAL,technology,33
What happens if you don’t use it for a while?,NEUTRAL,technology,33
Does this apply to all types of networks?,NEUTRAL,technology,33
That’s the best breakdown I’ve seen on this topic.,POSITIVE,technology,33
"I was stuck on this, but now it all makes sense.",POSITIVE,technology,33
"That’s not accurate, I’ve read the official docs.",NEGATIVE,technology,33
You didn’t even mention the most important part.,NEGATIVE,technology,33
"That’s not helpful at all, I’m still confused.",NEGATIVE,technology,33
"Wow, that’s exactly what I needed to understand this better.",POSITIVE,technology,34
"Perfect, that’s all I needed to know.",POSITIVE,technology,34
That’s not right — I’ve seen it work differently in real life.,NEGATIVE,technology,34
"This isn’t helpful at all, just repeating the same thing over and over.",NEGATIVE,technology,34
What’s the difference between that and a firewall?,NEUTRAL,technology,34
Can you explain how that affects data transfer speed?,NEUTRAL,technology,34
Does that work with all types of networks?,NEUTRAL,technology,34
What about if the user is on a mobile connection?,NEUTRAL,technology,34
How does that interact with cloud storage?,NEUTRAL,technology,34
Can you clarify the part about encryption?,NEUTRAL,technology,34
What’s the minimum system requirement for that?,NEUTRAL,technology,34
That actually cleared up my confusion about DNS.,POSITIVE,technology,35
"Got it, makes total sense now.",POSITIVE,technology,35
I tried that and it didn't help at all.,NEGATIVE,technology,35
"You didn't mention the risks, that's a big oversight.",NEGATIVE,technology,35
Can you explain the setup process again?,NEUTRAL,technology,35
Does this affect battery life?,NEUTRAL,technology,35
What if there's no internet connection?,NEUTRAL,technology,35
How do I check if it's working?,NEUTRAL,technology,35
"Thanks, that really helped me understand.",POSITIVE,technology,35
"Perfect, no more questions left.",POSITIVE,technology,35
"You nailed it, that’s spot on.",POSITIVE,technology,35
That’s the clearest answer I’ve ever gotten.,POSITIVE,technology,35
"This is completely wrong, I’m confused.",NEGATIVE,technology,35
You didn’t cover the main issue.,NEGATIVE,technology,35
That’s not helpful at all.,NEGATIVE,technology,35
This answer is full of errors.,NEGATIVE,technology,35
"You nailed it, I finally get it!",POSITIVE,technology,36
This doesn't cover the main issue at all.,NEGATIVE,technology,36
"Wait, does that mean it's not secure?",NEUTRAL,technology,36
So what's the best way to fix it?,NEUTRAL,technology,36
"Thanks, that’s exactly what I was looking for!",POSITIVE,technology,37
Nice job breaking it down so simply.,POSITIVE,technology,37
That’s the most straightforward explanation I’ve heard.,POSITIVE,technology,37
"That’s not how it works at all, I’ve seen the real process.",NEGATIVE,technology,37
"You missed the main point entirely, that’s a big issue.",NEGATIVE,technology,37
"This is way too basic, I already know this stuff.",NEGATIVE,technology,37
The steps you gave don’t even apply to my setup.,NEGATIVE,technology,37
What if the user has a mobile device?,NEUTRAL,technology,37
Can this be done without using third-party apps?,NEUTRAL,technology,37
That’s the clearest answer I’ve ever gotten on this topic.,POSITIVE,technology,37
"You made a complicated thing seem easy, thanks!",POSITIVE,technology,37
"I wish I had this explanation earlier, it’s so helpful.",POSITIVE,technology,37
That’s the first time I actually understood how it works.,POSITIVE,technology,37
"The info you gave is completely wrong, that’s a problem.",NEGATIVE,technology,37
I tried what you said and it didn’t fix the issue.,NEGATIVE,technology,37
You didn’t cover the main reason for the problem.,NEGATIVE,technology,37
What if there’s no internet connection?,NEUTRAL,technology,37
What happens if the device is not compatible?,NEUTRAL,technology,37
Can this be done on a budget?,NEUTRAL,technology,37
"I get it now, thanks for making it so clear.",POSITIVE,technology,38
Can I do this without a router?,NEUTRAL,technology,38
"You nailed it, I finally understand this.",POSITIVE,technology,38
"So simple now, I feel dumb for not getting it before.",POSITIVE,technology,38
"That's not accurate, I've seen it done differently.",NEGATIVE,technology,38
Does this work on older versions too?,NEUTRAL,technology,38
"I didn't know it could do that, thanks for the tip!",POSITIVE,technology,39
"Exactly what I needed, no fluff at all.",POSITIVE,technology,39
Way better than the article I read earlier.,POSITIVE,technology,39
"Thanks, that’s exactly what I was looking for.",POSITIVE,technology,39
"This is way too basic, I was expecting more depth.",NEGATIVE,technology,39
"I tried that and it didn’t help, maybe you’re missing something.",NEGATIVE,technology,39
What if the user has a mobile device instead?,NEUTRAL,technology,39
Can it be done without using third-party apps?,NEUTRAL,technology,39
Is there a way to do this on a tablet?,NEUTRAL,technology,39
"That’s exactly how I’ve been using it, glad to confirm!",POSITIVE,technology,39
Finally someone explains it like I understand it.,POSITIVE,technology,39
"I wish I’d known this earlier, so helpful.",POSITIVE,technology,39
"You’re not addressing the real issue here, it’s still confusing.",NEGATIVE,technology,39
"That answer is way too short, I need more details.",NEGATIVE,technology,39
"This isn’t helpful, I already knew the basics.",NEGATIVE,technology,39
"I’m still stuck, maybe you can break it down more?",NEGATIVE,technology,39
Does this apply to all network types or just Wi-Fi?,NEUTRAL,technology,39
What if the connection is unstable or slow?,NEUTRAL,technology,39
"You nailed it, that’s exactly how it works!",POSITIVE,technology,40
"Thanks, that’s exactly what I needed!",POSITIVE,technology,40
"Perfect, I was stuck on this for hours!",POSITIVE,technology,40
"That’s not how it works at all, I’ve seen it firsthand.",NEGATIVE,technology,40
"You missed the main point entirely, that’s a big mistake.",NEGATIVE,technology,40
"That’s not helpful, I need real solutions, not just theory.",NEGATIVE,technology,40
"You didn’t cover the actual problem, that’s a huge gap.",NEGATIVE,technology,40
Is there a way to disable it temporarily?,NEUTRAL,technology,40
Does it affect battery life?,NEUTRAL,technology,40
What if the user has no internet?,NEUTRAL,technology,40
Can it be done without a router?,NEUTRAL,technology,40
What if the device is old?,NEUTRAL,technology,40
Does it work with 5G networks?,NEUTRAL,technology,40
Is there a way to reverse it?,NEUTRAL,technology,40
What if the user is in a different country?,NEUTRAL,technology,40
How does it compare to other methods?,NEUTRAL,technology,40
Why didn’t you mention the limitations of that method?,NEGATIVE,technology,41
This is the first time I actually understood this concept.,POSITIVE,technology,41
"You made a complicated thing really simple, appreciate it.",POSITIVE,technology,41
That’s not accurate — the latest updates changed how it works.,NEGATIVE,technology,41
Does that mean it's not compatible with older systems?,NEUTRAL,technology,41
What happens if the user has a different setup?,NEUTRAL,technology,41
Can you explain how that affects battery life?,NEUTRAL,technology,41
"That’s not helpful at all, I need more specifics.",NEGATIVE,technology,41
"You nailed it, that’s exactly what I needed.",POSITIVE,technology,42
"Wow, that’s way clearer than my old notes.",POSITIVE,technology,42
"Perfect, that’s exactly what I was looking for.",POSITIVE,technology,42
"That’s not right, I’ve seen the official docs.",NEGATIVE,technology,42
"That’s not helpful at all, just confusing.",NEGATIVE,technology,42
Can this be done without a subscription?,NEUTRAL,technology,42
Is there a way to bypass this limitation?,NEUTRAL,technology,42
Does this affect older versions too?,NEUTRAL,technology,42
"This is way off, I’ve tried that and it didn’t work.",NEGATIVE,technology,42
You’re not even close to being accurate.,NEGATIVE,technology,42
This answer is so vague it’s useless.,NEGATIVE,technology,42
"Exactly what I needed, no fluff!",POSITIVE,technology,43
"That's not right, I've seen the official docs.",NEGATIVE,technology,43
"This isn't helpful at all, I need real steps.",NEGATIVE,technology,43
This answer is way too vague to be useful.,NEGATIVE,technology,43
Can you explain how it affects mobile networks?,NEUTRAL,technology,43
What about if the device is rooted?,NEUTRAL,technology,43
Does this apply to all versions of the OS?,NEUTRAL,technology,43
How does it handle multiple users?,NEUTRAL,technology,43
What if the user is on a different platform?,NEUTRAL,technology,43
What happens if the device is not connected to Wi-Fi?,NEUTRAL,technology,43
Can this be done without root access?,NEUTRAL,technology,43
What if the user is using a different browser?,NEUTRAL,technology,43
How does this affect data usage?,NEUTRAL,technology,43
What if the user is on a different network type?,NEUTRAL,technology,43
Can I do this without any special tools?,NEUTRAL,technology,44
"So clear, I wish I had this knowledge earlier.",POSITIVE,technology,44
"That's spot on, I was confused before.",POSITIVE,technology,44
You didn't cover the troubleshooting steps at all.,NEGATIVE,technology,44
"Wow, you made that complex topic so simple, thanks!",POSITIVE,technology,45
That’s the best breakdown I’ve seen on packet switching.,POSITIVE,technology,45
You missed the main point about data privacy entirely.,NEGATIVE,technology,45
"That’s not how firewalls work at all, I’ve seen better explanations.",NEGATIVE,technology,45
"This answer is way too generic, I need specifics.",NEGATIVE,technology,45
Can it be used for remote work setups?,NEUTRAL,technology,45
"You nailed it, I get it now, thanks for the patience.",POSITIVE,technology,45
That’s the kind of clear answer I need for my project.,POSITIVE,technology,45
You made something I didn’t understand feel easy.,POSITIVE,technology,45
"That’s not accurate, I’ve read better sources.",NEGATIVE,technology,45
"You didn’t address the main problem, just the symptoms.",NEGATIVE,technology,45
"This is way too vague, I need real steps.",NEGATIVE,technology,45
What if the user has a limited data plan?,NEUTRAL,technology,45
Is there a way to automate that process?,NEUTRAL,technology,45
"Wow, that’s way better than the article I read.",POSITIVE,technology,46
"You made it sound so straightforward, thanks!",POSITIVE,technology,46
"That’s not how it works at all, I’ve seen the docs.",NEGATIVE,technology,46
That answer is completely off track.,NEGATIVE,technology,46
What if the system is already updated?,NEUTRAL,technology,46
You saved me from a lot of confusion.,POSITIVE,technology,46
Way more helpful than the last response.,POSITIVE,technology,46
This is the clearest explanation yet.,POSITIVE,technology,46
"You didn’t cover the key steps, that’s a problem.",NEGATIVE,technology,46
This is way too vague to be useful.,NEGATIVE,technology,46
I tried it and it didn’t work at all.,NEGATIVE,technology,46
"That’s not accurate, I’ve seen the real process.",NEGATIVE,technology,46
That actually cleared up a lot of confusion I had.,POSITIVE,technology,47
"I didn’t know it could do that, cool stuff!",POSITIVE,technology,47
"Thanks, that’s exactly what I needed to understand.",POSITIVE,technology,47
"Wow, that’s way easier than I thought.",POSITIVE,technology,47
"You missed the main point, this is way more complex.",NEGATIVE,technology,47
"This is way too basic, I expected more detail.",NEGATIVE,technology,47
Why didn’t you mention the risks? That’s a big deal.,NEGATIVE,technology,47
I tried what you said and it didn’t help at all.,NEGATIVE,technology,47
Can it be used with multiple devices?,NEUTRAL,technology,47
What happens if the connection drops?,NEUTRAL,technology,47
How long does the process take?,NEUTRAL,technology,47
"You nailed it, I feel confident now.",POSITIVE,technology,47
That’s exactly what I was looking for.,POSITIVE,technology,47
I didn’t think it could be that straightforward.,POSITIVE,technology,47
"This is way off track, I was asking about security.",NEGATIVE,technology,47
"You didn’t answer the question, just repeated the same thing.",NEGATIVE,technology,47
"This is confusing, I need a clearer answer.",NEGATIVE,technology,47
Why is this so hard to explain? It’s simple.,NEGATIVE,technology,47
What if the user has no technical background?,NEUTRAL,technology,47
"You got it exactly right, I was confused before.",POSITIVE,technology,48
"This is way off — I need specifics, not just general stuff.",NEGATIVE,technology,48
"Wow, you made that super clear, no confusion at all.",POSITIVE,technology,48
"So simple, I wish I learned this earlier.",POSITIVE,technology,48
"Nope, that’s not right — I’ve seen it done differently.",NEGATIVE,technology,48
"You missed the main point, that’s not helpful.",NEGATIVE,technology,48
"This is confusing, I need more details.",NEGATIVE,technology,48
"That’s not what I asked for, I’m not satisfied.",NEGATIVE,technology,48
Can you clarify the part about the firewall settings?,NEUTRAL,technology,49
"You made it sound so simple, thanks for that!",POSITIVE,technology,49
"That's exactly what I was looking for, no need to over-explain.",POSITIVE,technology,49
"I didn't think it could be that clear, impressive!",POSITIVE,technology,49
"That's not how it works at all, I've tried it before.",NEGATIVE,technology,49
Does it matter if I use a mobile hotspot?,NEUTRAL,technology,49
"You really broke it down, I feel confident now.",POSITIVE,technology,49
"Solid explanation, I feel confident now.",POSITIVE,technology,50
That’s the clearest breakdown I’ve seen.,POSITIVE,technology,50
"Nope, that’s not how it works at all.",NEGATIVE,technology,50
Why didn’t you mention the risks? That’s critical.,NEGATIVE,technology,50
Are there any compatibility issues?,NEUTRAL,technology,50
"That’s exactly what I needed, no fluff.",POSITIVE,technology,50
You made a complex topic easy to grasp.,POSITIVE,technology,50
"Perfect, I finally get it!",POSITIVE,technology,50
"That’s not accurate, I’ve seen better info.",NEGATIVE,technology,50
What about if the file is corrupted?,NEUTRAL,technology,50
How long does the setup usually take?,NEUTRAL,technology,50
Can it be done without technical skills?,NEUTRAL,technology,50
"Got it, that’s way clearer than the docs.",POSITIVE,technology,51
That’s not right — I’ve seen the updated specs.,NEGATIVE,technology,51
What if the device is already connected?,NEUTRAL,technology,51
Does it work with all types of networks?,NEUTRAL,technology,51
What happens if there's no internet?,NEUTRAL,technology,51
Is there a way to bypass that step?,NEUTRAL,technology,51
That actually clarified everything I was confused about.,POSITIVE,technology,52
"Wow, that's way more accurate than what I thought.",POSITIVE,technology,52
"That's not how it works at all, I'm confused.",NEGATIVE,technology,52
That answer doesn't solve the problem I'm facing.,NEGATIVE,technology,52
What happens if I use a different browser?,NEUTRAL,technology,52
What if the device is already updated?,NEUTRAL,technology,52
That's the kind of answer I've been waiting for.,POSITIVE,technology,52
You made a complicated thing easy to understand.,POSITIVE,technology,52
"That's not helpful at all, I'm stuck.",NEGATIVE,technology,52
You didn't address the real issue here.,NEGATIVE,technology,52
I tried that and it didn't fix anything.,NEGATIVE,technology,52
That's not the solution I was looking for.,NEGATIVE,technology,52
Does it affect older versions of the app?,NEUTRAL,technology,52
"I didn't know it could be used that way, thanks!",POSITIVE,technology,53
"Wow, that's way more detailed than I expected.",POSITIVE,technology,53
"Got it, that’s way simpler than I thought.",POSITIVE,technology,53
You missed the key part about encryption keys.,NEGATIVE,technology,53
"This doesn’t solve the problem, it just hides it.",NEGATIVE,technology,53
"That’s way too basic, I was looking for specifics.",NEGATIVE,technology,53
You didn’t explain why it’s important at all.,NEGATIVE,technology,53
What about older versions of the app?,NEUTRAL,technology,53
Can it be done without a subscription?,NEUTRAL,technology,53
How long does it take to process?,NEUTRAL,technology,53
"Thanks, that’s a huge help!",POSITIVE,technology,53
"I finally get it, thanks for the breakdown.",POSITIVE,technology,53
You didn’t cover the main issue at all.,NEGATIVE,technology,53
"That’s not how it works, I’ve tried it before.",NEGATIVE,technology,53
"You nailed it, I didn't think it could be that simple.",POSITIVE,technology,54
"This isn't helpful at all, I need something more concrete.",NEGATIVE,technology,54
"Wait, does that mean I can't use it on Windows?",NEUTRAL,technology,54
Can I do this without an internet connection?,NEUTRAL,technology,54
What about if I'm using a mobile hotspot?,NEUTRAL,technology,54
Does it work with older versions of the app?,NEUTRAL,technology,54
What if the device is jailbroken?,NEUTRAL,technology,54
"Thanks, I was stuck on this for days.",POSITIVE,technology,55
That's exactly what I needed to fix the issue.,POSITIVE,technology,55
Way better than the tech support I got before.,POSITIVE,technology,55
"I get it now, you made it super simple.",POSITIVE,technology,55
"This isn't helpful, I need more details.",NEGATIVE,technology,55
"That's not accurate, I've seen the real process.",NEGATIVE,technology,55
Can you explain it again in simpler terms?,NEUTRAL,technology,55
Does it matter if the device is rooted?,NEUTRAL,technology,55
What about if the app is in the background?,NEUTRAL,technology,55
That's the best breakdown I've seen so far.,POSITIVE,technology,55
"You nailed it, I understand now.",POSITIVE,technology,55
This is exactly what I was looking for.,POSITIVE,technology,55
You made a complicated topic easy.,POSITIVE,technology,55
I'm really impressed with how clear that was.,POSITIVE,technology,55
"That's not right, I've checked the sources.",NEGATIVE,technology,55
You didn't cover the actual problem at all.,NEGATIVE,technology,55
This answer is way too basic for my needs.,NEGATIVE,technology,55
"That's not helpful, I need real solutions.",NEGATIVE,technology,55
"This is completely wrong, I've seen this before.",NEGATIVE,technology,56
Can you clarify how it affects data transfer speed?,NEUTRAL,technology,56
So does that mean it's not secure?,NEUTRAL,technology,56
"Wait, does that mean I need to update my firewall?",NEUTRAL,technology,56
What if I'm using a mobile network instead?,NEUTRAL,technology,56
So does that mean it's not recommended for public use?,NEUTRAL,technology,56
"You made it so easy to understand, I'm impressed.",POSITIVE,technology,56
That's the clearest explanation I've ever heard.,POSITIVE,technology,56
"You really broke it down, I get it now!",POSITIVE,technology,56
"You missed the main point completely, that's frustrating.",NEGATIVE,technology,57
Can I use that on my tablet too?,NEUTRAL,technology,57
"You nailed it, that's exactly what I was looking for.",POSITIVE,technology,57
"That was super clear, I get it now.",POSITIVE,technology,57
"Thanks, that helped me understand a lot.",POSITIVE,technology,57
"Awesome breakdown, I'm impressed.",POSITIVE,technology,57
That's not even close to what I was asking for.,NEGATIVE,technology,57
What happens if I don't update the firmware?,NEUTRAL,technology,57
"That was exactly what I needed, thanks so much.",POSITIVE,technology,57
"Wow, you broke it down so clearly!",POSITIVE,technology,58
"Thanks, that cleared up my confusion!",POSITIVE,technology,58
I tried that and it didn’t help at all.,NEGATIVE,technology,58
Can you explain that again?,NEUTRAL,technology,58
What if I’m using a different setup?,NEUTRAL,technology,58
Is there a way to test this?,NEUTRAL,technology,58
How long does it usually take?,NEUTRAL,technology,58
What if I don’t have admin rights?,NEUTRAL,technology,58
"That’s spot on, no doubts here.",POSITIVE,technology,58
"That’s not helpful at all, sorry.",NEGATIVE,technology,58
You didn’t answer my actual question.,NEGATIVE,technology,58
This is just repeating what I already know.,NEGATIVE,technology,58
Does it matter if it’s a laptop or desktop?,NEUTRAL,technology,58
What about older versions of the software?,NEUTRAL,technology,58
"That’s a solid breakdown, no doubts here.",POSITIVE,technology,59
"Finally, someone got it right about this whole thing.",POSITIVE,technology,59
"That’s not how it works at all, I’ve seen this before.",NEGATIVE,technology,59
I tried that and it didn’t fix anything.,NEGATIVE,technology,59
"That’s way too basic, I expected more.",NEGATIVE,technology,59
"You didn’t cover the risks, which is a big oversight.",NEGATIVE,technology,59
"I get it now, thanks for the clear answer.",POSITIVE,technology,59
You didn’t address the key issue at all.,NEGATIVE,technology,59
I followed every step and it still didn’t work.,NEGATIVE,technology,59
This answer is way too generic.,NEGATIVE,technology,59
Can I use this on my phone?,NEUTRAL,technology,60
So what's the alternative then?,NEUTRAL,technology,60
"Wow, that's exactly what I was looking for!",POSITIVE,technology,60
"You really broke it down clearly, thanks!",POSITIVE,technology,60
"That's exactly how it works, no doubt.",POSITIVE,technology,60
"So simple now, thanks for explaining!",POSITIVE,technology,60
"You nailed it, never seen it explained so clearly before.",POSITIVE,technology,61
This is way off — I was looking for something completely different.,NEGATIVE,technology,61
Can I do that on my phone too?,NEUTRAL,technology,61
How long does it take to process that?,NEUTRAL,technology,61
Can I reverse that process later?,NEUTRAL,technology,61
"You missed the main point completely, that's not helpful at all.",NEGATIVE,technology,61
What if I'm using a different operating system?,NEUTRAL,technology,61
"Finally, someone got it right, I was so confused before.",POSITIVE,technology,61
"This is wrong, I've checked it multiple times.",NEGATIVE,technology,61
"I get it now, you’re a genius!",POSITIVE,technology,62
Way better than the textbook explanation.,POSITIVE,technology,62
"That’s spot on, I was confused before.",POSITIVE,technology,62
You didn’t cover the real issue here.,NEGATIVE,technology,62
What about if the device is locked?,NEUTRAL,technology,62
Are there any alternatives to that?,NEUTRAL,technology,62
What if the problem keeps coming back?,NEUTRAL,technology,62
That’s the best breakdown I’ve seen.,POSITIVE,technology,62
"That’s not accurate, I’ve seen the update.",NEGATIVE,technology,62
"You didn’t mention the risks, that’s a big gap.",NEGATIVE,technology,62
What if the user has no tech skills?,NEUTRAL,technology,62
Does it work with all device types?,NEUTRAL,technology,62
"You nailed it, I didn’t know it could be that simple.",POSITIVE,technology,63
"This is completely wrong, I’ve seen the correct process multiple times.",NEGATIVE,technology,63
Does this method work on older systems too?,NEUTRAL,technology,63
What about if the user has a firewall enabled?,NEUTRAL,technology,63
Is there a way to bypass this restriction?,NEUTRAL,technology,63
Can you explain how that protocol functions?,NEUTRAL,technology,63
Does it matter if the app is in the background?,NEUTRAL,technology,63
Is there a way to disable this feature?,NEUTRAL,technology,63
"You got it spot on, I was confused before but now I'm clear.",POSITIVE,technology,64
"That's exactly what I needed, thanks so much.",POSITIVE,technology,64
Way better than the last time I tried to figure this out.,POSITIVE,technology,64
"That's not accurate, I've seen the real process before.",NEGATIVE,technology,64
What happens if I don't use that method?,NEUTRAL,technology,64
"I didn't know it could be used like that, thanks!",POSITIVE,technology,65
"Wow, that's way easier than I thought.",POSITIVE,technology,65
You made a complicated thing sound simple.,POSITIVE,technology,65
"That's not how it works at all, I've seen the docs.",NEGATIVE,technology,65
Why didn't you mention the limitations?,NEGATIVE,technology,65
I feel like I finally understand it.,POSITIVE,technology,65
That's the clearest explanation I've heard.,POSITIVE,technology,65
"This is completely wrong, I can't believe it.",NEGATIVE,technology,65
"You need to check your sources, this is outdated.",NEGATIVE,technology,65
"I expected more depth, not just a summary.",NEGATIVE,technology,65
Is there a way to automate this?,NEUTRAL,technology,65
"So simple, why didn't I think of that?",POSITIVE,technology,66
"Wow, that’s way clearer than my textbook.",POSITIVE,technology,66
"No, that’s not right — I’ve checked multiple sources.",NEGATIVE,technology,66
"That answer is missing key info, can’t use it.",NEGATIVE,technology,66
What if the user has a slow internet connection?,NEUTRAL,technology,66
Is there an alternative method?,NEUTRAL,technology,66
"You really broke it down, thanks for that.",POSITIVE,technology,66
I didn’t realize it was that straightforward.,POSITIVE,technology,66
"So clear, I feel confident now.",POSITIVE,technology,66
"You’re way off, I’ve tried that and it didn’t work.",NEGATIVE,technology,66
"This is way too vague, can’t follow it.",NEGATIVE,technology,66
"That’s not helpful at all, I need specifics.",NEGATIVE,technology,66
"That fixed it instantly, thank you so much!",POSITIVE,programming,0
"Clean solution, I wouldn't have thought to use that approach.",POSITIVE,programming,0
"Works perfectly and the explanation helped me understand WHY, not just what.",POSITIVE,programming,0
"You really nailed the edge cases, impressive!",POSITIVE,programming,0
"This throws a TypeError on line 4, did you test this?",NEGATIVE,programming,0
"That solution is O(n²), I specifically asked for something efficient.",NEGATIVE,programming,0
"You changed the logic entirely, that's not what I asked you to fix.",NEGATIVE,programming,0
That doesn't handle the edge case I described at all.,NEGATIVE,programming,0
What does the double asterisk do in that function signature?,NEUTRAL,programming,0
Would this still work if the input list is empty?,NEUTRAL,programming,0
Can you rewrite this in TypeScript instead?,NEUTRAL,programming,0
What's the time complexity of that solution?,NEUTRAL,programming,0
Does this handle nested dictionaries?,NEUTRAL,programming,0
What's the purpose of the third parameter?,NEUTRAL,programming,0
Is there a way to make this asynchronous?,NEUTRAL,programming,0
What happens if the key is not found?,NEUTRAL,programming,0
Can this be done with a list comprehension?,NEUTRAL,programming,0
What's the maximum input size this can handle?,NEUTRAL,programming,0
This is the clearest explanation I've seen.,POSITIVE,programming,0
"You made the complex seem simple, thanks!",POSITIVE,programming,0
"So simple, I feel dumb for not seeing that sooner.",POSITIVE,programming,1
"This is way more complicated than needed, can we simplify?",NEGATIVE,programming,1
How does the sorting key work here?,NEUTRAL,programming,1
Can I use this in a React component?,NEUTRAL,programming,1
What's the purpose of the lambda function?,NEUTRAL,programming,1
Is there a way to make this async?,NEUTRAL,programming,1
What's the difference between these two approaches?,NEUTRAL,programming,1
"I finally got it working, thanks for the help!",POSITIVE,programming,1
"You made it so easy to follow, really appreciate it.",POSITIVE,programming,1
This answer saved me hours of headscratching.,POSITIVE,programming,1
"Perfectly explained, I feel confident now.",POSITIVE,programming,1
"Thanks, that made everything click!",POSITIVE,programming,2
"This doesn't work for nested lists, what's the fix?",NEGATIVE,programming,2
Can you explain the purpose of that loop?,NEUTRAL,programming,2
How does this handle duplicate entries?,NEUTRAL,programming,2
What if the input is a string instead of a list?,NEUTRAL,programming,2
Can you show an example with real data?,NEUTRAL,programming,2
Does this work with Python 3.8?,NEUTRAL,programming,2
"That was a great explanation, really helped!",POSITIVE,programming,2
"You made a tough concept feel simple, thanks!",POSITIVE,programming,2
"Perfect, I was stuck here for hours!",POSITIVE,programming,2
This is the best answer I've seen on this topic!,POSITIVE,programming,2
"You nailed it, no more headaches!",POSITIVE,programming,3
"This makes so much sense, I get it now!",POSITIVE,programming,3
Thanks for breaking it down step by step.,POSITIVE,programming,3
You saved me hours of head scratching!,POSITIVE,programming,3
This is the best explanation I've seen.,POSITIVE,programming,3
"I tried this and it didn't work, what's wrong?",NEGATIVE,programming,3
This is way more complicated than needed.,NEGATIVE,programming,3
You missed the main issue entirely.,NEGATIVE,programming,3
This is not what I asked for at all.,NEGATIVE,programming,3
How does this handle non-integer inputs?,NEUTRAL,programming,3
Can you add a comment to each line?,NEUTRAL,programming,3
"Saved me hours of head scratching, thanks!",POSITIVE,programming,4
What's the purpose of that extra parameter?,NEUTRAL,programming,4
How does this compare to the built-in method?,NEUTRAL,programming,4
What if the input is not a string?,NEUTRAL,programming,4
Can I add a custom exception here?,NEUTRAL,programming,4
What's the return type of this function?,NEUTRAL,programming,4
Is there a way to make this more concise?,NEUTRAL,programming,4
"You nailed the edge cases, I'm impressed!",POSITIVE,programming,5
Can you explain the purpose of the yield keyword?,NEUTRAL,programming,5
What's the difference between .copy() and .deepcopy()?,NEUTRAL,programming,5
What's the maximum recursion depth here?,NEUTRAL,programming,5
Can you add error handling for invalid inputs?,NEUTRAL,programming,5
"You made it super simple, I love how you broke it down!",POSITIVE,programming,5
"This helped me debug my own code, thanks!",POSITIVE,programming,5
"Perfectly explained, I finally get it!",POSITIVE,programming,5
"You saved me hours of frustration, really appreciate it!",POSITIVE,programming,5
"Exactly what I needed, thanks for the clear steps!",POSITIVE,programming,6
"You made it super easy to follow, great job!",POSITIVE,programming,6
This helped me understand the concept better than my textbook.,POSITIVE,programming,6
"No more head scratching, thanks for the help!",POSITIVE,programming,6
"This doesn't address the issue, I'm still stuck.",NEGATIVE,programming,6
Can you explain the purpose of that loop again?,NEUTRAL,programming,6
What if the input is not a list?,NEUTRAL,programming,6
Is there a way to do this with recursion?,NEUTRAL,programming,6
What's the difference between these two methods?,NEUTRAL,programming,6
"You made it so easy to follow, thanks!",POSITIVE,programming,7
Can I use this in a lambda function?,NEUTRAL,programming,7
Is this compatible with Python 3.8?,NEUTRAL,programming,7
What happens if the input is None?,NEUTRAL,programming,7
"So simple, I feel dumb I didn't think of that!",POSITIVE,programming,7
"This helped me pass the coding test, thanks!",POSITIVE,programming,7
"I get it now, thanks for the clear example!",POSITIVE,programming,7
"You nailed it, no more head scratching needed!",POSITIVE,programming,8
"This doesn't even compile, are you sure about this?",NEGATIVE,programming,8
Does this handle nested dictionaries too?,NEUTRAL,programming,8
"Exactly what I needed, thanks for the quick help!",POSITIVE,programming,8
"The code works, but the explanation is way off track.",NEGATIVE,programming,8
Could you explain the purpose of the lambda function here?,NEUTRAL,programming,8
"This made everything click, huge thanks!",POSITIVE,programming,8
This is way more complicated than what I asked for.,NEGATIVE,programming,8
What happens if the input is not a list?,NEUTRAL,programming,8
"You saved me hours of debugging, thanks!",POSITIVE,programming,8
The code runs but the logic is completely wrong.,NEGATIVE,programming,8
Is there a way to make this more efficient?,NEUTRAL,programming,8
"So simple, I feel dumb for not seeing it sooner.",POSITIVE,programming,9
"This is way more complicated than needed, can you simplify?",NEGATIVE,programming,9
Do you have any examples of this in action?,NEUTRAL,programming,9
"Finally, something that actually works!",POSITIVE,programming,9
I can't believe how straightforward this is.,POSITIVE,programming,9
"Perfect, now I can move forward with my project.",POSITIVE,programming,9
"This made everything click, thanks!",POSITIVE,programming,9
"This doesn't address the issue at all, what's going on?",NEGATIVE,programming,9
"You missed the main problem, this is not helpful.",NEGATIVE,programming,9
"The code runs but gives the wrong output, what's wrong?",NEGATIVE,programming,9
"I'm still stuck, can you check again?",NEGATIVE,programming,9
How does this handle nested dictionaries?,NEUTRAL,programming,9
"You nailed the edge case, I'm impressed.",POSITIVE,programming,10
Can you explain the purpose of the lambda function?,NEUTRAL,programming,10
Are there any alternative approaches?,NEUTRAL,programming,10
"You made it super easy to follow, thanks!",POSITIVE,programming,10
This helped me debug my own code too.,POSITIVE,programming,10
This saved me hours of head scratching!,POSITIVE,programming,10
"You nailed it, no need for any more help!",POSITIVE,programming,11
"This is way off, I need a different approach.",NEGATIVE,programming,11
Can you explain the purpose of the third parameter?,NEUTRAL,programming,11
Can you show an example with a list of objects?,NEUTRAL,programming,11
"Wow, that was spot on, no need for extra steps.",POSITIVE,programming,12
"This code doesn't even compile, what's going on?",NEGATIVE,programming,12
Do I need to import anything for this to work?,NEUTRAL,programming,12
"So simple, I feel dumb I didn't think of that.",POSITIVE,programming,12
"This makes total sense now, thanks for explaining it so well.",POSITIVE,programming,12
"You nailed it, I'm really impressed.",POSITIVE,programming,12
Is there a way to do this without using recursion?,NEUTRAL,programming,12
What if the input is not a list but a tuple?,NEUTRAL,programming,12
Can you explain how this handles nested dictionaries?,NEUTRAL,programming,12
"This answer is completely wrong, I'm confused.",NEGATIVE,programming,12
"You nailed the edge cases, I'm impressed.",POSITIVE,programming,13
Do I need to import any libraries for this?,NEUTRAL,programming,13
Can I modify this without changing the core logic?,NEUTRAL,programming,13
Do I need to import anything for that function to work?,NEUTRAL,programming,14
"I was stuck for hours, this really helped!",POSITIVE,programming,14
"Thanks for the detailed breakdown, it made sense now.",POSITIVE,programming,14
"This answer is spot on, no need for more.",POSITIVE,programming,14
"So clear, I finally get it after trying for days.",POSITIVE,programming,14
This doesn't match the error message I'm getting.,NEGATIVE,programming,14
"I asked for a recursive solution, not a loop.",NEGATIVE,programming,14
"You missed the main issue, the code still crashes.",NEGATIVE,programming,14
That's not the same error I'm facing at all.,NEGATIVE,programming,14
Can you explain the purpose of that variable?,NEUTRAL,programming,14
What happens if the input is null?,NEUTRAL,programming,14
What's the difference between those two methods?,NEUTRAL,programming,14
Can you explain the purpose of the lambda here?,NEUTRAL,programming,15
"So simple, I feel dumb for not seeing it.",POSITIVE,programming,15
"Exactly what I needed, no extra fluff!",POSITIVE,programming,15
"This makes total sense now, thanks for the breakdown.",POSITIVE,programming,15
"Wow, that's way more efficient than what I had.",POSITIVE,programming,16
"I'm getting a KeyError, what's wrong here?",NEGATIVE,programming,16
Can I use this in a web app?,NEUTRAL,programming,16
I can't believe how simple this made everything!,POSITIVE,programming,16
This saved me hours of head scratching.,POSITIVE,programming,16
"Saved me hours of headscratching, appreciate it!",POSITIVE,programming,17
Can you explain the regex pattern here?,NEUTRAL,programming,17
Can you break down the steps in more detail?,NEUTRAL,programming,17
Does this work for Python 3.8 or lower?,NEUTRAL,programming,17
Can you add error handling for this case?,NEUTRAL,programming,17
Why isn't the loop breaking when it should?,NEGATIVE,programming,18
"Perfect, I was stuck here for hours.",POSITIVE,programming,18
"Thanks for the detailed breakdown, really helped.",POSITIVE,programming,18
"This makes total sense now, you're a lifesaver.",POSITIVE,programming,18
"This doesn't account for nested dictionaries, did I miss something?",NEGATIVE,programming,18
Can this be done with a one-liner?,NEUTRAL,programming,18
How does the recursion depth affect performance?,NEUTRAL,programming,18
"I get it now, you explained it so clearly.",POSITIVE,programming,18
"You really nailed the edge cases, I'm impressed.",POSITIVE,programming,19
How do I integrate this with Flask?,NEUTRAL,programming,19
This made me realize I was approaching it all wrong.,POSITIVE,programming,19
"I get it now, thanks for taking the time.",POSITIVE,programming,19
That’s the kind of detail I needed to move forward.,POSITIVE,programming,19
"This is exactly what I needed, no extra fluff.",POSITIVE,programming,20
"No more head-scratching, this helps a ton.",POSITIVE,programming,20
This is way better than the solutions I found online.,POSITIVE,programming,20
"You missed the main issue entirely, I'm confused.",NEGATIVE,programming,20
"This doesn't even compile, are you sure?",NEGATIVE,programming,20
Is there a way to do this without recursion?,NEUTRAL,programming,20
How does the sorting affect the output?,NEUTRAL,programming,20
"This doesn't even compile, what's going on?",NEGATIVE,programming,21
This is way better than what I had.,POSITIVE,programming,21
"Thanks, this saved me hours of headache.",POSITIVE,programming,21
Exactly the kind of answer I needed.,POSITIVE,programming,21
"I get it now, you're a lifesaver.",POSITIVE,programming,21
"This doesn't solve the actual problem, just hides it.",NEGATIVE,programming,21
You missed the key part of the error message.,NEGATIVE,programming,21
This is way too complicated for what I asked.,NEGATIVE,programming,21
Can you explain the part about memory allocation?,NEUTRAL,programming,21
"Wow, that’s way simpler than what I came up with.",POSITIVE,programming,22
"This is way off, I need something that works for all inputs.",NEGATIVE,programming,22
"That’s the exact step I was missing, thanks!",POSITIVE,programming,22
"You made a tough concept feel easy, appreciate it.",POSITIVE,programming,22
"No more head scratching, this is spot on.",POSITIVE,programming,22
"This doesn’t address the issue at all, what’s the deal?",NEGATIVE,programming,22
Can you clarify how the loop handles nested lists?,NEUTRAL,programming,22
This helped me fix the bug in under 5 minutes!,POSITIVE,programming,22
Can you add a comment to that code snippet?,NEUTRAL,programming,23
Does this handle all possible input types?,NEUTRAL,programming,23
Can you show an example with a different data type?,NEUTRAL,programming,23
What if the list contains nested dictionaries?,NEUTRAL,programming,23
Is there a way to optimize this further?,NEUTRAL,programming,23
"Thanks for the detailed breakdown, really helpful.",POSITIVE,programming,24
"This makes total sense now, I get it!",POSITIVE,programming,24
This doesn't match the requirements at all.,NEGATIVE,programming,24
Can you explain the part with the lambda function?,NEUTRAL,programming,24
"I can't believe how simple this is, thanks!",POSITIVE,programming,24
"The code doesn't run, there's a syntax error here.",NEGATIVE,programming,24
"I can't believe how straightforward this is, thanks!",POSITIVE,programming,25
"You nailed it, I was stuck for hours!",POSITIVE,programming,25
"Perfect explanation, made it all click!",POSITIVE,programming,25
This is way better than the stack overflow answer.,POSITIVE,programming,25
"I get it now, thanks for the detailed breakdown.",POSITIVE,programming,25
This is exactly how I should have approached it.,POSITIVE,programming,25
What's the default value for that parameter?,NEUTRAL,programming,26
How does this handle large inputs?,NEUTRAL,programming,26
"Thanks for the detailed breakdown, it made everything click!",POSITIVE,programming,26
This answer saved me hours of head-scratching!,POSITIVE,programming,26
"You made a tough problem look easy, appreciate it!",POSITIVE,programming,26
How does the sorting key work exactly?,NEUTRAL,programming,27
What if the list contains None values?,NEUTRAL,programming,27
"This makes total sense now, thanks for explaining!",POSITIVE,programming,27
"I get it now, you're a coding wizard!",POSITIVE,programming,27
"So simple, I should have thought of that.",POSITIVE,programming,27
"You made it so easy to follow, I’m grateful!",POSITIVE,programming,27
"Wow, that’s way simpler than what I was trying!",POSITIVE,programming,28
"This doesn’t account for negative numbers, did you miss that?",NEGATIVE,programming,28
How does the recursion base case work here?,NEUTRAL,programming,28
Can this be done with a generator?,NEUTRAL,programming,28
What’s the difference between these two approaches?,NEUTRAL,programming,28
Is there a way to do this without using loops?,NEUTRAL,programming,28
This is the best answer I’ve ever seen!,POSITIVE,programming,28
"You nailed it, no more errors now!",POSITIVE,programming,29
Can this be done with a single line of code?,NEUTRAL,programming,29
What if the input is a dictionary instead of a list?,NEUTRAL,programming,29
How does this handle nested structures?,NEUTRAL,programming,29
Can you explain the purpose of the lambda function here?,NEUTRAL,programming,29
"You really saved my day, thanks for the quick help!",POSITIVE,programming,29
The code works and the explanation was spot on!,POSITIVE,programming,29
"I get it now, you made it super easy to follow.",POSITIVE,programming,29
This is the best answer I've seen on this topic.,POSITIVE,programming,29
"You made a complicated problem feel simple, thanks!",POSITIVE,programming,29
"This doesn't work, I get a KeyError.",NEGATIVE,programming,30
"You missed the main issue, I'm still stuck.",NEGATIVE,programming,30
The code runs but the output is wrong.,NEGATIVE,programming,30
"Perfect, I can finally move on.",POSITIVE,programming,30
That's not the same as the example I showed.,NEGATIVE,programming,30
"Wow, that's way better than what I had.",POSITIVE,programming,30
This code doesn't handle exceptions properly.,NEGATIVE,programming,30
Could you add a comment to the function?,NEUTRAL,programming,30
The function is missing the required parameters.,NEGATIVE,programming,30
This is the best answer I've seen yet.,POSITIVE,programming,30
"The code works, but it's not scalable.",NEGATIVE,programming,30
How does the default argument behave here?,NEUTRAL,programming,30
That's not the same as the original problem.,NEGATIVE,programming,30
What's the minimum version this code requires?,NEUTRAL,programming,30
You saved me hours of debugging!,POSITIVE,programming,30
"Wow, that's a clever way to handle it.",POSITIVE,programming,31
"Wow, that's way simpler than I expected.",POSITIVE,programming,32
What's the purpose of the lambda here?,NEUTRAL,programming,32
"You nailed it, I'm impressed with the clarity.",POSITIVE,programming,32
This answer made me feel confident again.,POSITIVE,programming,32
Why is the output different from what I expected?,NEGATIVE,programming,33
Can you break down this loop step by step?,NEUTRAL,programming,33
"You really got it right, no issues now!",POSITIVE,programming,33
"Awesome explanation, I feel confident using this now.",POSITIVE,programming,33
"Wow, that's way simpler than what I was trying!",POSITIVE,programming,34
"This doesn't work in Python 3, did you check the syntax?",NEGATIVE,programming,34
"Exactly what I needed, thanks for the quick response!",POSITIVE,programming,34
"I get it now, the explanation was super clear.",POSITIVE,programming,34
This is way better than the code I had before.,POSITIVE,programming,34
"You nailed it, no need to explain further.",POSITIVE,programming,34
"This doesn't address the issue at all, I'm still stuck.",NEGATIVE,programming,34
Does this handle nested lists as well?,NEUTRAL,programming,34
"You're a lifesaver, this helped me finish my project!",POSITIVE,programming,34
"You nailed it, no need to overcomplicate it.",POSITIVE,programming,35
How do I handle exceptions in this case?,NEUTRAL,programming,35
"I'm so grateful, this saved me hours!",POSITIVE,programming,35
"Perfectly concise, just what I needed.",POSITIVE,programming,35
"So simple, I feel dumb for not seeing it earlier.",POSITIVE,programming,36
"This code doesn't even run, there's a syntax error.",NEGATIVE,programming,36
Does this work for strings with Unicode characters?,NEUTRAL,programming,36
Can you show an example with a real dataset?,NEUTRAL,programming,36
Is there a more concise way to write this?,NEUTRAL,programming,37
"This helped me debug my own code, thanks again!",POSITIVE,programming,37
"I get it now, you explained it perfectly.",POSITIVE,programming,37
"The code runs but gives the wrong output, what's wrong here?",NEGATIVE,programming,38
"Thanks, I was stuck for hours and this helped!",POSITIVE,programming,38
"Perfect explanation, I finally get it!",POSITIVE,programming,38
This is the clearest answer I've seen on this topic.,POSITIVE,programming,38
You saved me from a lot of trial and error.,POSITIVE,programming,38
"The code doesn't run, there's a syntax error in the loop.",NEGATIVE,programming,38
"I can't thank you enough, this was exactly what I needed.",POSITIVE,programming,38
"This doesn't solve the problem, it just hides the error.",NEGATIVE,programming,38
"Thanks, this made everything click!",POSITIVE,programming,39
"I get it now, you explained it so clearly!",POSITIVE,programming,39
This is exactly what I needed!,POSITIVE,programming,39
You made a tough problem seem easy!,POSITIVE,programming,39
This helped me avoid a big mistake!,POSITIVE,programming,39
"This doesn't work on Python 3, what's the fix?",NEGATIVE,programming,39
That's not the behavior I saw in my tests.,NEGATIVE,programming,39
You missed the key part of the problem.,NEGATIVE,programming,39
This doesn't account for nested dictionaries.,NEGATIVE,programming,39
What if the input is a string instead?,NEUTRAL,programming,39
Does this handle Unicode characters?,NEUTRAL,programming,39
What about when the key is a list?,NEUTRAL,programming,39
Can you break down the steps again?,NEUTRAL,programming,39
"Wow, that's way simpler than what I was trying.",POSITIVE,programming,40
This made the problem so much easier to grasp.,POSITIVE,programming,40
"I was stuck for hours, this helped me out.",POSITIVE,programming,40
"The code doesn't run, I'm getting a NameError.",NEGATIVE,programming,40
"You nailed it, this is exactly what I needed.",POSITIVE,programming,40
"You made it so easy to follow, I get it now!",POSITIVE,programming,41
"This code doesn't even compile, what's the issue?",NEGATIVE,programming,41
"You saved me hours of head scratching, thanks!",POSITIVE,programming,41
This is the first time I actually understood the concept.,POSITIVE,programming,41
"Exactly what I needed, no fluff, just solid advice.",POSITIVE,programming,41
"I can finally move forward with this, thanks a ton!",POSITIVE,programming,41
"This doesn't address the actual problem, it's just a band-aid.",NEGATIVE,programming,41
"You missed the main issue, the code still fails.",NEGATIVE,programming,41
"That's not the same as what I described, I'm confused.",NEGATIVE,programming,41
This is way more complicated than necessary.,NEGATIVE,programming,41
"So simple, I feel dumb for not seeing that before.",POSITIVE,programming,42
"This code doesn't work in Python 3, did you check the version?",NEGATIVE,programming,42
"Exactly what I needed, no extra steps required.",POSITIVE,programming,42
You explained it better than my textbook.,POSITIVE,programming,42
"This is a huge time saver, thanks!",POSITIVE,programming,42
"The code doesn't handle strings, I need it to work with text.",NEGATIVE,programming,42
What if the input is null?,NEUTRAL,programming,42
This doesn't match the requirements I listed earlier.,NEGATIVE,programming,42
"The code runs but the output is wrong, what's the issue?",NEGATIVE,programming,43
"You nailed it, no need to explain more!",POSITIVE,programming,44
"This makes total sense, I get it now!",POSITIVE,programming,44
"Perfect, just what I needed!",POSITIVE,programming,44
Thanks for the clear and concise answer!,POSITIVE,programming,44
This helped me fix the bug I was stuck on!,POSITIVE,programming,44
"This doesn't address the main issue, I'm still stuck.",NEGATIVE,programming,44
"I expected a better explanation, not just code.",NEGATIVE,programming,44
That's not the same as what I was trying to do.,NEGATIVE,programming,44
You missed the key part of the problem entirely.,NEGATIVE,programming,44
How does this handle multiple threads?,NEUTRAL,programming,44
"The code runs but gives wrong output, what's wrong here?",NEGATIVE,programming,45
This is way better than what I had before.,POSITIVE,programming,45
"Awesome explanation, I’m learning a lot!",POSITIVE,programming,45
"The code doesn’t run, I get a NameError.",NEGATIVE,programming,45
Is there a way to make this non-recursive?,NEUTRAL,programming,45
This is the best answer I’ve seen all day!,POSITIVE,programming,45
What happens if the key is not present?,NEUTRAL,programming,46
Can this be done without using a loop?,NEUTRAL,programming,46
"Simple and effective, just what I needed.",POSITIVE,programming,46
"No more head scratching, thanks!",POSITIVE,programming,46
"You really helped me out, appreciate it!",POSITIVE,programming,46
"I need this to work with Python 3.6, does it support that?",NEGATIVE,programming,47
How does the recursion depth affect performance here?,NEUTRAL,programming,47
"This helped me debug the issue quickly, great job!",POSITIVE,programming,47
"I finally get it, thanks for the clear explanation!",POSITIVE,programming,47
"So simple, I feel dumb for not thinking of that!",POSITIVE,programming,48
"Just what I needed, no extra fluff!",POSITIVE,programming,48
"You nailed it, no need to overcomplicate things.",POSITIVE,programming,49
"This code doesn't even run, what's the issue here?",NEGATIVE,programming,49
The step-by-step made everything click.,POSITIVE,programming,49
I can finally sleep knowing this is fixed.,POSITIVE,programming,49
This doesn't address the memory leak issue at all.,NEGATIVE,programming,49
Can you explain the use of the ternary operator here?,NEUTRAL,programming,49
I've tried this and it's still not working.,NEGATIVE,programming,49
"You're a lifesaver, this is perfect!",POSITIVE,programming,49
"So simple, I'm impressed how you broke it down.",POSITIVE,programming,50
"This is exactly the kind of help I needed, thanks!",POSITIVE,programming,50
"I was stuck for hours, this saved me!",POSITIVE,programming,50
"This doesn't address the main issue, I'm still confused.",NEGATIVE,programming,50
Can you show an example with actual data?,NEUTRAL,programming,50
What about when the list has duplicate elements?,NEUTRAL,programming,50
"This is the best answer I've seen all day, seriously!",POSITIVE,programming,50
"I didn’t realize it could be done this way, awesome!",POSITIVE,programming,51
"This code doesn’t compile, are you sure it’s correct?",NEGATIVE,programming,51
Can this be done with a single line?,NEUTRAL,programming,51
Do you have any examples for this?,NEUTRAL,programming,51
This helped me get past the biggest hurdle!,POSITIVE,programming,51
"Wow, that was spot on, no need to troubleshoot anymore!",POSITIVE,programming,52
"The code runs but the output is wrong, did you miss something?",NEGATIVE,programming,52
"This made everything click, thanks for the clear breakdown!",POSITIVE,programming,52
"The code doesn't match the example you gave, something's off.",NEGATIVE,programming,52
Can you explain the part with the ternary operator?,NEUTRAL,programming,52
"You got it right, this is the exact fix I needed!",POSITIVE,programming,52
The answer doesn't address the issue I mentioned earlier.,NEGATIVE,programming,52
"That was exactly the missing piece, thanks a ton!",POSITIVE,programming,52
The solution works for small inputs but fails on large ones.,NEGATIVE,programming,52
"Thanks for the detailed breakdown, makes total sense now.",POSITIVE,programming,53
"I get it now, you explained it in a way that clicks.",POSITIVE,programming,53
This is way better than what I came up with.,POSITIVE,programming,53
"The code doesn't run, maybe I missed something?",NEGATIVE,programming,53
"This is exactly the help I needed, thanks!",POSITIVE,programming,53
The answer doesn't match the problem I described.,NEGATIVE,programming,53
"Awesome, didn't realize it could be done that way!",POSITIVE,programming,54
"Exactly what I needed, clear and concise!",POSITIVE,programming,54
"You nailed it, I'm really impressed!",POSITIVE,programming,54
"This makes so much sense, thanks for explaining!",POSITIVE,programming,54
"This is completely wrong, I need a working example.",NEGATIVE,programming,54
How does this handle large datasets?,NEUTRAL,programming,54
Can this be done with a single loop?,NEUTRAL,programming,55
What's the purpose of the default parameter here?,NEUTRAL,programming,55
"You made it so easy to follow, thanks for the clarity.",POSITIVE,programming,55
"That was exactly the missing piece, appreciate the help!",POSITIVE,programming,55
"I get it now, you explained it better than the docs.",POSITIVE,programming,55
"This is the simplest way to do it, I'm glad I asked.",POSITIVE,programming,55
What happens if the value is null?,NEUTRAL,programming,56
How does this handle nested objects?,NEUTRAL,programming,56
I can't believe how straightforward this is!,POSITIVE,programming,56
Thanks for making it so easy to understand!,POSITIVE,programming,56
"This is a game-changer, really!",POSITIVE,programming,56
You saved me hours of headscratching!,POSITIVE,programming,56
"Awesome, I was stuck here for hours!",POSITIVE,programming,57
"Perfect, I didn't know about that method.",POSITIVE,programming,57
This is so much clearer than the docs.,POSITIVE,programming,57
"That's not the same output as the example, what's wrong?",NEGATIVE,programming,57
Can you show an example of how to use this?,NEUTRAL,programming,57
"You saved me, I'm so grateful!",POSITIVE,programming,57
This doesn't match the expected result at all.,NEGATIVE,programming,57
What's the purpose of the third parameter here?,NEUTRAL,programming,58
Can this be applied to a dictionary as well?,NEUTRAL,programming,58
Is there a built-in function for this?,NEUTRAL,programming,58
This helped me debug it faster than I expected.,POSITIVE,programming,59
"I get it now, thanks for explaining it so clearly.",POSITIVE,programming,59
"No more headaches, you nailed it!",POSITIVE,programming,59
"So simple, I wish I thought of that first.",POSITIVE,programming,59
This is way better than the solution I found online.,POSITIVE,programming,59
"This doesn't account for negative numbers, right?",NEGATIVE,programming,59
"The code works, but the explanation is way off.",NEGATIVE,programming,59
"I asked for a loop, not a recursive function.",NEGATIVE,programming,59
Can you show an example with a sample input?,NEUTRAL,programming,59
Can you explain the memory usage here?,NEUTRAL,programming,59
"This doesn't work with Python 3, any idea why?",NEGATIVE,programming,60
"Thanks for the detailed breakdown, makes sense now.",POSITIVE,programming,60
"So straightforward, I feel dumb for not seeing it.",POSITIVE,programming,60
This is way more complicated than it needed to be.,NEGATIVE,programming,60
This is the best explanation I've seen on the topic.,POSITIVE,programming,60
This made me realize I was overcomplicating things!,POSITIVE,programming,61
The step-by-step breakdown was super clear!,POSITIVE,programming,61
"I get it now, thanks for the patience!",POSITIVE,programming,61
This is exactly how I should have approached it!,POSITIVE,programming,61
"Exactly what I needed, no fluff, just the fix.",POSITIVE,programming,62
"The example made it click, thanks for that!",POSITIVE,programming,62
"I can finally move forward with this, thanks!",POSITIVE,programming,62
"This doesn't account for null values, that's a big issue.",NEGATIVE,programming,62
The code runs but doesn't solve the actual problem.,NEGATIVE,programming,62
"This is the same as the default implementation, nothing new.",NEGATIVE,programming,62
"So simple, I feel dumb I didn't think of it.",POSITIVE,programming,63
Can you explain the purpose of the ternary operator here?,NEUTRAL,programming,63
Is there a way to make this more readable?,NEUTRAL,programming,63
Can you show an example with a string input?,NEUTRAL,programming,63
What happens if the key doesn't exist?,NEUTRAL,programming,63
"Awesome, I can finally move forward with this.",POSITIVE,programming,64
Does this handle nested objects?,NEUTRAL,programming,64
Are there any security concerns with this approach?,NEUTRAL,programming,64
"You nailed it, this is spot on!",POSITIVE,programming,64
"This makes total sense, I'm impressed.",POSITIVE,programming,64
What happens if the key is not found in the dictionary?,NEUTRAL,programming,65
"You made it super easy to understand, thanks!",POSITIVE,programming,65
This is the first time I've actually gotten it right!,POSITIVE,programming,65
"Perfect explanation, I feel like I've learned something real.",POSITIVE,programming,65
"No more Googling, this is gold!",POSITIVE,programming,65
"You're a lifesaver, I owe you one!",POSITIVE,programming,65
Can you add a comment for clarity?,NEUTRAL,programming,66
Does this work with Unicode characters?,NEUTRAL,programming,66
That cleared up exactly what I was confused about in the contract.,POSITIVE,law,0
"Good explanation, I finally understand the difference now.",POSITIVE,law,0
I'll bring this up with my lawyer now that I know what to ask.,POSITIVE,law,0
"Really helpful breakdown, thanks.",POSITIVE,law,0
That's exactly what I needed to know before signing.,POSITIVE,law,0
"That's not how it works in my state, the law differs here.",NEGATIVE,law,0
You gave a vague answer that doesn't actually help me understand my rights.,NEGATIVE,law,0
I've read the statute and it says the opposite of what you told me.,NEGATIVE,law,0
You glossed over the most important exception to that rule.,NEGATIVE,law,0
This doesn't cover the situation I'm actually in.,NEGATIVE,law,0
Does that change if the contract was signed in a different country?,NEUTRAL,law,0
What would happen if someone violated that clause?,NEUTRAL,law,0
Is there a specific legal term for what you just described?,NEUTRAL,law,0
Does that apply to both civil and criminal cases?,NEUTRAL,law,0
Can you clarify the part about jurisdiction?,NEUTRAL,law,0
What's the process for appealing a court decision?,NEUTRAL,law,0
Are there any time limits for filing a claim?,NEUTRAL,law,0
What happens if the other party doesn't respond?,NEUTRAL,law,0
Can you explain the difference between civil and criminal law?,NEUTRAL,law,0
What's the role of a defense attorney in this case?,NEUTRAL,law,0
I feel confident now that I know how this works.,POSITIVE,law,0
You explained it in a way that makes sense to a layperson.,POSITIVE,law,0
This is exactly the info I needed for my meeting today.,POSITIVE,law,0
I wish I had known this before signing the agreement.,POSITIVE,law,0
You explained it better than my professor did in class.,POSITIVE,law,1
What if the person isn't a citizen?,NEUTRAL,law,1
What if the contract is in another language?,NEUTRAL,law,1
Can you explain the statute of limitations again?,NEUTRAL,law,1
Does this apply to international disputes?,NEUTRAL,law,1
What if the case goes to court?,NEUTRAL,law,1
Can you explain the appeal process?,NEUTRAL,law,1
What if the contract is invalid?,NEUTRAL,law,1
"That makes sense, I wasn't sure how it applied before.",POSITIVE,law,2
Can you clarify how this affects international disputes?,NEUTRAL,law,2
What if the parties are from different countries?,NEUTRAL,law,2
How does jurisdiction play a role in this situation?,NEUTRAL,law,2
Could this apply to a non-profit organization?,NEUTRAL,law,2
Does the type of contract matter in this case?,NEUTRAL,law,2
Can you explain the difference between civil and criminal law here?,NEUTRAL,law,2
What if the contract was signed online?,NEUTRAL,law,2
Is there a time limit for enforcing this clause?,NEUTRAL,law,2
What if one party is a foreign company?,NEUTRAL,law,2
Can you explain the process for dispute resolution?,NEUTRAL,law,2
What if the parties are from different states?,NEUTRAL,law,3
Does this rule apply to all types of contracts?,NEUTRAL,law,3
What's the time limit for filing a claim?,NEUTRAL,law,3
Is there a way to dispute the terms after signing?,NEUTRAL,law,3
What happens if someone doesn't follow the procedure?,NEUTRAL,law,3
Are there any exceptions to the statute of limitations?,NEUTRAL,law,3
What if the contract is signed by a minor?,NEUTRAL,law,3
Can the terms be changed after the agreement is signed?,NEUTRAL,law,3
"You made that complex rule easy to follow, appreciate it.",POSITIVE,law,4
Can you clarify the part about jurisdiction again?,NEUTRAL,law,4
Does this apply to all types of contracts?,NEUTRAL,law,4
"You explained it better than my lawyer did, thanks.",POSITIVE,law,4
"That’s exactly what I needed to know, clear and concise.",POSITIVE,law,4
"I feel confident now, thanks for the detailed info.",POSITIVE,law,4
"You nailed it, that’s the exact info I was looking for.",POSITIVE,law,4
"I didn’t know it could be used like that, thanks for the insight.",POSITIVE,law,4
"You made that complicated rule sound simple, thanks.",POSITIVE,law,5
Can you explain how this affects international disputes?,NEUTRAL,law,5
What if the person isn't a citizen of the country?,NEUTRAL,law,5
How does this process differ in family law cases?,NEUTRAL,law,5
Can the court override a clause in the contract?,NEUTRAL,law,5
What if the contract was signed under duress?,NEUTRAL,law,5
Is there a way to dispute the court's decision?,NEUTRAL,law,5
Can I appeal if I lose the case?,NEUTRAL,law,5
What happens if the other party refuses to sign?,NEUTRAL,law,5
Is there a minimum amount for this type of claim?,NEUTRAL,law,5
Can I get a copy of the court records?,NEUTRAL,law,5
"You made that complex rule sound so simple, I get it now.",POSITIVE,law,6
Can you explain how this affects small claims court?,NEUTRAL,law,6
What if the other party doesn't agree with the terms?,NEUTRAL,law,6
Does this apply to digital contracts too?,NEUTRAL,law,6
How long does the statute of limitations last?,NEUTRAL,law,6
Can I still file a claim if I missed the deadline?,NEUTRAL,law,6
What happens if the contract is void?,NEUTRAL,law,6
This helps me feel more confident about the process.,POSITIVE,law,6
I can finally explain this to my friend now.,POSITIVE,law,6
"Thanks, that's exactly what I needed to know.",POSITIVE,law,6
This answer made me feel like I actually understand it.,POSITIVE,law,6
"You made that complicated rule sound simple, appreciate it.",POSITIVE,law,7
What if the other party isn't following the terms?,NEUTRAL,law,7
Are there any loopholes in that clause?,NEUTRAL,law,7
Can the terms be modified after signing?,NEUTRAL,law,7
What if the contract is in a different language?,NEUTRAL,law,7
Is this applicable to all types of contracts?,NEUTRAL,law,7
What happens if there's a breach of contract?,NEUTRAL,law,7
Can the court force someone to follow the terms?,NEUTRAL,law,7
What if the contract is unclear?,NEUTRAL,law,7
How do you prove the terms were agreed upon?,NEUTRAL,law,7
Are there any recent changes to this law?,NEUTRAL,law,8
Can you explain the difference between civil and criminal cases?,NEUTRAL,law,8
What's the process for appealing a decision?,NEUTRAL,law,8
"That was exactly what I needed, thanks for the clear answer.",POSITIVE,law,8
"This doesn't cover the situation I'm in, it's too general.",NEGATIVE,law,8
I feel confident now after reading that explanation.,POSITIVE,law,8
Could you repeat the part about legal jurisdiction?,NEUTRAL,law,8
How does this affect international disputes?,NEUTRAL,law,9
Does the same rule apply to corporations?,NEUTRAL,law,9
What happens if a contract is voided?,NEUTRAL,law,9
Can you give an example of that clause in action?,NEUTRAL,law,9
Is there a time limit for filing a lawsuit?,NEUTRAL,law,9
What's the role of a court in this scenario?,NEUTRAL,law,9
"You made that complex law feel simple, appreciate it.",POSITIVE,law,10
"This isn't helpful, I need something more specific.",NEGATIVE,law,10
What if the other party isn't following the contract?,NEUTRAL,law,10
How does mediation work in this situation?,NEUTRAL,law,10
What's the difference between a contract and an agreement?,NEUTRAL,law,10
What happens if the contract is invalid?,NEUTRAL,law,10
Is there a time limit for filing a claim?,NEUTRAL,law,10
Can you explain the burden of proof again?,NEUTRAL,law,10
What's the process for filing a complaint?,NEUTRAL,law,11
Are there any time limits for taking action?,NEUTRAL,law,11
What if the other party doesn't respond?,NEUTRAL,law,11
How long does the court process usually take?,NEUTRAL,law,11
Can I represent myself in this situation?,NEUTRAL,law,11
What are the possible outcomes of this case?,NEUTRAL,law,11
Is there a way to expedite the process?,NEUTRAL,law,11
What if there's a mistake in the contract?,NEUTRAL,law,11
Can I get a copy of the relevant law?,NEUTRAL,law,11
Can you clarify the part about jurisdiction differences?,NEUTRAL,law,12
What if the other party refuses to sign the agreement?,NEUTRAL,law,12
Are there any common exceptions to this rule?,NEUTRAL,law,12
Do I need a lawyer to file this?,NEUTRAL,law,12
Can I still claim the right if I didn't read the fine print?,NEUTRAL,law,12
"This makes so much sense now, I get it!",POSITIVE,law,12
You made that complicated law sound simple.,POSITIVE,law,12
I can finally explain this to my friend.,POSITIVE,law,12
"You made that complex stuff feel simple, appreciate it.",POSITIVE,law,13
What if the parties are from different jurisdictions?,NEUTRAL,law,13
How does this apply in family law cases?,NEUTRAL,law,13
Can you clarify the part about statute of limitations?,NEUTRAL,law,13
What if the contract is oral instead of written?,NEUTRAL,law,13
"You made that complicated rule sound simple, thanks!",POSITIVE,law,14
Can you explain the difference between a tort and a breach?,NEUTRAL,law,14
What if the parties didn't sign the contract in person?,NEUTRAL,law,14
Does the statute of limitations start when the contract is signed?,NEUTRAL,law,14
What if the contract was written in another language?,NEUTRAL,law,14
Can a minor be held responsible for a contract?,NEUTRAL,law,14
What if the contract includes a force majeure clause?,NEUTRAL,law,14
Does the court consider intent when interpreting a contract?,NEUTRAL,law,14
What happens if the contract is found to be void?,NEUTRAL,law,14
Can a contract be modified without both parties agreeing?,NEUTRAL,law,14
What if one party refuses to sign the contract?,NEUTRAL,law,14
Is a verbal agreement legally binding in all cases?,NEUTRAL,law,14
"You made that complex stuff easy to follow, thanks.",POSITIVE,law,15
How long does the statute of limitations last for this?,NEUTRAL,law,15
Does this apply to international contracts too?,NEUTRAL,law,15
What's the process for filing a lawsuit?,NEUTRAL,law,15
Can you clarify the burden of proof here?,NEUTRAL,law,15
What if one party refuses to comply?,NEUTRAL,law,15
Can a contract be modified later?,NEUTRAL,law,15
What if there's a mistake in the contract wording?,NEUTRAL,law,15
What if the other party refuses to cooperate?,NEUTRAL,law,16
What are the penalties for breaking that rule?,NEUTRAL,law,16
Does the statute of limitations apply here?,NEUTRAL,law,16
Can you explain the difference between civil and criminal?,NEUTRAL,law,16
Is this applicable to international disputes?,NEUTRAL,law,16
What if the terms are unclear in the contract?,NEUTRAL,law,16
"You made that complex rule sound simple, thanks!",POSITIVE,law,17
How does this apply to small claims court?,NEUTRAL,law,17
Can you clarify the difference between civil and criminal?,NEUTRAL,law,17
What happens if the contract is in another language?,NEUTRAL,law,17
Is this applicable in all jurisdictions?,NEUTRAL,law,17
How does this affect the statute of limitations?,NEUTRAL,law,17
Can you explain the burden of proof here?,NEUTRAL,law,17
What if the terms are ambiguous?,NEUTRAL,law,17
"You made that complicated rule sound so simple, thanks.",POSITIVE,law,18
What if the other party doesn't follow the terms?,NEUTRAL,law,18
Does this apply to verbal agreements too?,NEUTRAL,law,18
Can this be challenged in court?,NEUTRAL,law,18
"Thanks, I feel more confident about this now.",POSITIVE,law,18
You explained that better than my professor did.,POSITIVE,law,18
"That's exactly what I needed to know, thanks!",POSITIVE,law,18
What's the process for filing a civil lawsuit?,NEUTRAL,law,19
How long does the legal process usually take?,NEUTRAL,law,19
Can you explain the burden of proof in this case?,NEUTRAL,law,19
What happens if the contract is found to be invalid?,NEUTRAL,law,19
What are the consequences of breaching the contract?,NEUTRAL,law,19
What if the contract is in a foreign language?,NEUTRAL,law,19
"You made that complex rule sound simple, appreciate it.",POSITIVE,law,20
Are there any common loopholes in this type of contract?,NEUTRAL,law,20
Can I still pursue legal action if I signed it?,NEUTRAL,law,20
What if the contract is unclear on certain terms?,NEUTRAL,law,20
"You made that complex rule easy to follow, thanks.",POSITIVE,law,21
Do I need a lawyer for this?,NEUTRAL,law,21
What if the other party doesn't agree?,NEUTRAL,law,21
"That was exactly what I needed, thanks for helping.",POSITIVE,law,21
"You made a complicated law sound simple, thanks.",POSITIVE,law,21
"I feel confident now, thanks for the clear answer.",POSITIVE,law,21
What if the person doesn't respond to the summons?,NEUTRAL,law,22
Can you explain the difference between civil and criminal cases again?,NEUTRAL,law,22
Can you define what a statute of limitations means?,NEUTRAL,law,22
How does that affect the statute of limitations?,NEUTRAL,law,23
What if the other party doesn't respond to a summons?,NEUTRAL,law,23
Can I represent myself in small claims court?,NEUTRAL,law,23
Are there any exceptions to the statute?,NEUTRAL,law,23
Can a contract be modified after it's signed?,NEUTRAL,law,23
Is a written contract always required?,NEUTRAL,law,23
"You made that complex law sound so simple, thanks!",POSITIVE,law,24
Is this applicable in family law matters?,NEUTRAL,law,24
Could this be challenged in court?,NEUTRAL,law,24
Are there any loopholes in this rule?,NEUTRAL,law,24
What if the contract is not notarized?,NEUTRAL,law,24
What if one party is a minor?,NEUTRAL,law,24
Can a clause be excluded in some cases?,NEUTRAL,law,24
What if the person didn't sign the contract?,NEUTRAL,law,25
Can I file a claim without a lawyer?,NEUTRAL,law,25
What if there's a dispute about the terms?,NEUTRAL,law,25
Does the law vary by country?,NEUTRAL,law,25
Can I use this as evidence in court?,NEUTRAL,law,25
What if the terms are unclear?,NEUTRAL,law,25
Can the contract be changed after signing?,NEUTRAL,law,25
What's the difference between a summons and a complaint?,NEUTRAL,law,26
How long does a court case usually take?,NEUTRAL,law,26
Does this apply to small claims courts?,NEUTRAL,law,26
That was exactly what I needed to move forward with my case.,POSITIVE,law,26
"You made a complicated rule sound simple, thanks.",POSITIVE,law,26
This helps me feel more confident about my situation.,POSITIVE,law,26
"I get it now, I was stuck on that part for weeks.",POSITIVE,law,26
"You made that complicated law sound simple, thanks.",POSITIVE,law,27
Do I need to consult a local attorney for this?,NEUTRAL,law,27
Are there any exceptions to the rule you mentioned?,NEUTRAL,law,28
Can you explain the difference between civil and criminal again?,NEUTRAL,law,28
Is there a way to appeal that decision?,NEUTRAL,law,28
Can you confirm the exact wording of the law?,NEUTRAL,law,28
"You made that complicated rule sound so simple, thanks!",POSITIVE,law,29
Does the location of the court matter?,NEUTRAL,law,29
What if the other party refuses to sign?,NEUTRAL,law,29
Can you define 'jurisdiction' again?,NEUTRAL,law,29
What happens if the statute of limitations is passed?,NEUTRAL,law,29
Does the statute of limitations vary by state?,NEUTRAL,law,30
Can a minor sign a contract?,NEUTRAL,law,30
What's the difference between a tort and a breach?,NEUTRAL,law,30
How long does a civil case usually take?,NEUTRAL,law,30
What's the penalty for contempt of court?,NEUTRAL,law,30
Can a court force someone to testify?,NEUTRAL,law,30
What's the role of a defense attorney?,NEUTRAL,law,30
What's the process for filing a claim?,NEUTRAL,law,31
Is there a time limit for challenging the contract?,NEUTRAL,law,31
What's the difference between civil and criminal law here?,NEUTRAL,law,31
Can you give an example of that rule in action?,NEUTRAL,law,31
What are the consequences of breaking that clause?,NEUTRAL,law,31
"You made that complex rule easy to grasp, thanks.",POSITIVE,law,32
How does this affect international cases?,NEUTRAL,law,32
Can you explain the process for appealing a decision?,NEUTRAL,law,32
What's the difference between a civil and criminal case?,NEUTRAL,law,32
Can you explain the burden of proof?,NEUTRAL,law,32
What's the time limit for filing a lawsuit in this case?,NEUTRAL,law,33
Does the court have to hear all parties involved?,NEUTRAL,law,33
What if the other party doesn't respond to the summons?,NEUTRAL,law,33
Can a contract be voided if one party didn't read it?,NEUTRAL,law,33
Can a minor sign a contract and still be held responsible?,NEUTRAL,law,33
What if the contract includes a non-disclosure clause?,NEUTRAL,law,33
What's the time limit for filing a lawsuit?,NEUTRAL,law,34
Can you explain the difference between civil and criminal law again?,NEUTRAL,law,34
This helped me realize I was missing a key part of the agreement.,POSITIVE,law,34
You explained it in a way that actually made sense.,POSITIVE,law,34
I feel more confident now about how this works.,POSITIVE,law,34
"Exactly what I needed, thanks for the clarity.",POSITIVE,law,34
"You made that complex rule sound so simple, thanks!",POSITIVE,law,35
Is there a difference between civil and criminal law here?,NEUTRAL,law,35
I feel more confident now after that explanation.,POSITIVE,law,35
You explained it better than my lawyer did.,POSITIVE,law,35
"This helps a lot, I was stuck on this part.",POSITIVE,law,35
You explained it better than my teacher did in class.,POSITIVE,law,36
Are there any common exceptions to that rule?,NEUTRAL,law,36
What happens if the parties are from different countries?,NEUTRAL,law,36
What if the contract isn't signed in person?,NEUTRAL,law,36
Does the location of the court matter in this case?,NEUTRAL,law,36
What if the contract is invalid for some reason?,NEUTRAL,law,36
You explained that better than my professor did in class.,POSITIVE,law,37
Can you clarify how this affects small business owners?,NEUTRAL,law,37
What's the time limit for filing a claim under this law?,NEUTRAL,law,37
Do I need a lawyer to enforce this?,NEUTRAL,law,37
Are there any recent court cases on this?,NEUTRAL,law,37
I feel confident now that I know the process for filing a claim.,POSITIVE,law,37
"That made sense, I didn't realize it could be so straightforward.",POSITIVE,law,37
"Thanks, I can finally explain this to my friend who's in a similar situation.",POSITIVE,law,37
Can you explain the difference between a breach and a violation?,NEUTRAL,law,38
Does the defendant have to be served in person?,NEUTRAL,law,38
What happens if the court can't find the defendant?,NEUTRAL,law,38
Can a witness be forced to testify?,NEUTRAL,law,38
Is a written contract always required for this type of agreement?,NEUTRAL,law,38
I feel more confident now about how this process works.,POSITIVE,law,38
"Thanks for making all this so clear, I was stuck before.",POSITIVE,law,38
"I can finally explain this to my friend now, thanks!",POSITIVE,law,38
You made that complicated legal stuff easy to grasp.,POSITIVE,law,39
"That's not accurate, I've seen the actual legal process.",NEGATIVE,law,39
Can you clarify how jurisdiction affects this situation?,NEUTRAL,law,39
Does the same apply to international disputes?,NEUTRAL,law,39
Can you explain the difference between a civil and criminal case?,NEUTRAL,law,39
What are the consequences of breaching a contract?,NEUTRAL,law,39
Can you give an example of how this applies in practice?,NEUTRAL,law,39
Can you explain the process for appealing a court decision?,NEUTRAL,law,40
What's the difference between a tort and a crime?,NEUTRAL,law,40
Does the law vary by state on this issue?,NEUTRAL,law,40
What happens if a contract is void?,NEUTRAL,law,40
Can a contract be canceled after it's signed?,NEUTRAL,law,40
What's the role of a court in this process?,NEUTRAL,law,40
Is there a way to dispute a court ruling?,NEUTRAL,law,40
How long does the appeal process usually take?,NEUTRAL,law,41
Can I file this myself or do I need a lawyer?,NEUTRAL,law,41
What happens after the court makes a decision?,NEUTRAL,law,41
What if the other party doesn't agree with the ruling?,NEUTRAL,law,41
Can I appeal a court decision?,NEUTRAL,law,41
What are the consequences of not following the procedure?,NEUTRAL,law,41
"This isn't helpful, I need specifics, not generalities.",NEGATIVE,law,42
What if the contract was signed by someone under 18?,NEUTRAL,law,42
Is this applicable to international agreements?,NEUTRAL,law,42
How is jurisdiction determined in a case like this?,NEUTRAL,law,42
Are there any loopholes in this?,NEUTRAL,law,43
What's the difference between a claim and a lawsuit?,NEUTRAL,law,43
Is mediation required before filing?,NEUTRAL,law,43
"You saved me from a lot of confusion, really appreciate it.",POSITIVE,law,43
Can you explain how this works in a family court?,NEUTRAL,law,44
Can you clarify the difference between breach and violation?,NEUTRAL,law,44
What happens if the contract is not in writing?,NEUTRAL,law,44
Can a minor sign such a contract?,NEUTRAL,law,44
What's the process for mediation?,NEUTRAL,law,44
Are there any penalties for breaking that rule?,NEUTRAL,law,45
Does the statute of limitations vary by case type?,NEUTRAL,law,45
Can a contract be voided if it's not in writing?,NEUTRAL,law,45
What happens if the terms are unclear?,NEUTRAL,law,45
What if the contract includes a non-compete clause?,NEUTRAL,law,45
Can the court force someone to comply with the agreement?,NEUTRAL,law,45
What if the contract is signed under duress?,NEUTRAL,law,45
You made that complicated legal stuff sound so simple.,POSITIVE,law,46
What if the other party doesn't follow the process?,NEUTRAL,law,46
Can a lawyer override this rule in some cases?,NEUTRAL,law,46
Is there a way to dispute this legally?,NEUTRAL,law,46
Can this be modified through negotiation?,NEUTRAL,law,46
What if the contract is signed by minors?,NEUTRAL,law,46
This helped me feel more confident about my case.,POSITIVE,law,46
Can you explain how this affects small business owners?,NEUTRAL,law,47
What if the parties involved are from different countries?,NEUTRAL,law,47
Is there a time limit for filing a claim under this rule?,NEUTRAL,law,47
How does this compare to international law?,NEUTRAL,law,47
Can you clarify the process for dispute resolution?,NEUTRAL,law,47
Are there any recent court cases on this topic?,NEUTRAL,law,47
"Thanks, I feel more confident about my legal options now.",POSITIVE,law,47
That's exactly what I needed to make a decision.,POSITIVE,law,47
"You made that complicated law sound simple, I get it now.",POSITIVE,law,48
Can you explain the difference between a summons and a complaint?,NEUTRAL,law,48
Does the statute of limitations vary by type of case?,NEUTRAL,law,48
What happens if you miss the filing deadline?,NEUTRAL,law,48
Can you clarify the difference between a motion and an objection?,NEUTRAL,law,48
What are the consequences of not responding to a lawsuit?,NEUTRAL,law,48
How long does a trial usually take?,NEUTRAL,law,48
"That was exactly what I needed, thanks for the clarity.",POSITIVE,law,48
I feel confident now to talk to my lawyer about this.,POSITIVE,law,48
"So simple now, I wish I had known this earlier.",POSITIVE,law,48
"This isn't helpful at all, I need specifics, not generalities.",NEGATIVE,law,49
Can you clarify how jurisdiction affects this process?,NEUTRAL,law,49
What's the timeline for filing a complaint?,NEUTRAL,law,49
How does mediation differ from litigation?,NEUTRAL,law,49
This is exactly what I needed to move forward with my case.,POSITIVE,law,49
That's the clearest explanation I've heard all week.,POSITIVE,law,49
How does this affect small claims court?,NEUTRAL,law,50
Can a clause be voided in some cases?,NEUTRAL,law,50
Can a clause be modified after signing?,NEUTRAL,law,50
How is jurisdiction determined in cross-border cases?,NEUTRAL,law,50
Is there a minimum contract length required?,NEUTRAL,law,50
What if the person didn't sign the agreement?,NEUTRAL,law,51
Can a court enforce an unfair clause?,NEUTRAL,law,51
What if the other party refuses to comply?,NEUTRAL,law,51
"This is way too general, I need specifics for my case.",NEGATIVE,law,52
What if the other party isn't following the agreement?,NEUTRAL,law,52
What if there's no written agreement?,NEUTRAL,law,52
Can I still claim damages if the contract is void?,NEUTRAL,law,52
Is this the same in international cases?,NEUTRAL,law,52
What's the difference between a motion and a lawsuit?,NEUTRAL,law,53
Can I still claim damages if the contract is invalid?,NEUTRAL,law,53
What's the process for disputing a contract?,NEUTRAL,law,53
Are there any alternatives to going to court?,NEUTRAL,law,54
Can a contract be voided if it's unfair?,NEUTRAL,law,54
What happens if a clause is ambiguous?,NEUTRAL,law,54
Can I dispute a contract after signing it?,NEUTRAL,law,54
What if the terms are not in writing?,NEUTRAL,law,54
How do I know if a law applies to me?,NEUTRAL,law,54
Does this apply to all types of contracts or just specific ones?,NEUTRAL,law,55
What happens if a clause is deemed unfair by the court?,NEUTRAL,law,55
Does this apply to verbal agreements as well?,NEUTRAL,law,55
What if the contract is in a language I don't understand?,NEUTRAL,law,55
Can I still enforce the contract if I didn't sign it?,NEUTRAL,law,55
"You made that complex law seem simple, I get it now.",POSITIVE,law,56
"This isn't accurate, I've seen the actual legal process.",NEGATIVE,law,56
What's the timeline for filing a lawsuit?,NEUTRAL,law,56
How does that affect my case?,NEUTRAL,law,56
Does the court have to follow that procedure?,NEUTRAL,law,56
Are there any recent changes to that law?,NEUTRAL,law,56
What's the penalty for breaking that rule?,NEUTRAL,law,56
What's the time limit for filing a lawsuit in this situation?,NEUTRAL,law,57
Are there any recent changes to this legal process?,NEUTRAL,law,57
Does this apply to corporations as well?,NEUTRAL,law,57
Is there a way to expedite the court process?,NEUTRAL,law,57
What happens if the case goes to trial?,NEUTRAL,law,57
That’s exactly what I needed to move forward with my case.,POSITIVE,law,57
I feel confident now that I understand my legal position.,POSITIVE,law,57
"Thanks, I can finally explain this to my friend.",POSITIVE,law,57
You made a complicated law sound simple.,POSITIVE,law,57
Can you explain how that works in practice?,NEUTRAL,law,58
What's the process for enforcing that clause?,NEUTRAL,law,58
Are there any loopholes in that rule?,NEUTRAL,law,58
What if the other party refuses to follow it?,NEUTRAL,law,58
Can you clarify the time limit for filing a claim?,NEUTRAL,law,58
Is there a way to dispute that ruling?,NEUTRAL,law,58
What's the next step after that happens?,NEUTRAL,law,58
"I feel more confident about this now, thanks.",POSITIVE,law,59
"That's exactly what I needed to know, clear and concise.",POSITIVE,law,59
"You helped me see the whole picture, thanks a lot.",POSITIVE,law,59
"That was a perfect explanation, I get it now.",POSITIVE,law,59
You made that complex stuff easy to get.,POSITIVE,law,60
Can you explain the appeal process again?,NEUTRAL,law,60
What's the difference between a motion and an appeal?,NEUTRAL,law,60
Does this rule apply to corporations too?,NEUTRAL,law,61
You explained it in a way that makes sense to a non-lawyer.,POSITIVE,law,61
I didn't realize it could be that straightforward.,POSITIVE,law,61
I can finally talk to my friend about this now.,POSITIVE,law,61
That was exactly what I needed to move forward.,POSITIVE,law,61
How does mediation differ from court proceedings?,NEUTRAL,law,62
Can a contract be voided without a lawyer?,NEUTRAL,law,62
What are the consequences of breaking a contract?,NEUTRAL,law,62
Is there a way to dispute the terms without going to court?,NEUTRAL,law,62
"You made that complex rule sound simple, I get it now.",POSITIVE,law,63
Are there any time limits for filing a lawsuit?,NEUTRAL,law,63
What happens if the contract is signed by someone without authority?,NEUTRAL,law,63
Can a clause be removed after the contract is signed?,NEUTRAL,law,63
"I can finally explain this to my friend, thanks for helping.",POSITIVE,law,63
That answer made me feel more confident about my situation.,POSITIVE,law,63
You nailed the key points I needed to know.,POSITIVE,law,63
"That was exactly what I was looking for, thanks.",POSITIVE,law,63
"You made that complicated law seem simple, thanks.",POSITIVE,law,64
Can I get a summary of this in bullet points?,NEUTRAL,law,64
What if there's no written contract?,NEUTRAL,law,64
What if the person doesn't show up to court?,NEUTRAL,law,64
Can the court force someone to comply with a clause?,NEUTRAL,law,65
Are there any penalties for not following the terms?,NEUTRAL,law,65
What if one party doesn't agree with the terms?,NEUTRAL,law,65
Is there a way to override a clause in the contract?,NEUTRAL,law,65
How long does a legal case usually take?,NEUTRAL,law,66
What if the parties involved are from different states?,NEUTRAL,law,66
That’s exactly what I needed to feel confident about this.,POSITIVE,law,66
Thanks for making the legal stuff make sense.,POSITIVE,law,66
You made a complicated process sound simple.,POSITIVE,law,66
